"path","extension","size_bytes","lines","category","feature","layer","generated","tracked","responsibility","main_dependencies","dependents","problems","decision","target_path","tests","risk","notes"
".gitignore",".gitignore","399","26","configuration","repository","configuration","false","true","Repository, Flutter, Dart or build configuration.","repository tooling/configuration","0","none observed in E1","mantener","","no direct test import located","bajo","Baseline badbaa8; lines=26."
".metadata",".metadata","1118","33","generated","repository","configuration","true","true","repository configuration component.","repository tooling/configuration","0","generated output; review source instead","generado, no editar","regenerated by Flutter tooling","no direct test import located","bajo","Tracked generated artifact; regenerate from named source and never hand-edit."
"analysis_options.yaml",".yaml","127","6","configuration","repository","configuration","false","true","Repository, Flutter, Dart or build configuration.","repository tooling/configuration","0","none observed in E1","mantener","","no direct test import located","bajo","Baseline badbaa8; lines=6."
"android/.gitignore",".gitignore","267","14","native Android","platform/android","native","false","true","Native platform/android runner, build or packaging support.","Flutter embedder / platform SDK","0","none observed in E1","mantener","","no direct test import located","medio","Baseline badbaa8; lines=14."
"android/app/build.gradle.kts",".kts","1309","44","native Android","platform/android","native","false","true","Native platform/android runner, build or packaging support.","Flutter embedder / platform SDK","0","none observed in E1","mantener","","no direct test import located","medio","Baseline badbaa8; lines=44."
"android/app/src/debug/AndroidManifest.xml",".xml","385","7","native Android","platform/android","native","false","true","Native platform/android runner, build or packaging support.","Flutter embedder / platform SDK","0","none observed in E1","mantener","","no direct test import located","medio","Baseline badbaa8; lines=7."
"android/app/src/main/AndroidManifest.xml",".xml","2382","48","native Android","platform/android","native","false","true","Native platform/android runner, build or packaging support.","Flutter embedder / platform SDK","0","none observed in E1","simplificar","","no direct test import located","medio","Baseline badbaa8; lines=48."
"android/app/src/main/kotlin/dev/backlogvault/app/MainActivity.kt",".kt","122","5","native Android","platform/android","native","false","true","Native platform/android runner, build or packaging support.","Flutter embedder / platform SDK","0","none observed in E1","mantener","","no direct test import located","medio","Baseline badbaa8; lines=5."
"android/app/src/main/res/drawable-v21/launch_background.xml",".xml","450","12","native Android","platform/android","native","false","true","Native platform/android runner, build or packaging support.","Flutter embedder / platform SDK","0","none observed in E1","mantener","","no direct test import located","medio","Baseline badbaa8; lines=12."
"android/app/src/main/res/drawable/launch_background.xml",".xml","446","12","native Android","platform/android","native","false","true","Native platform/android runner, build or packaging support.","Flutter embedder / platform SDK","0","none observed in E1","mantener","","no direct test import located","medio","Baseline badbaa8; lines=12."
"android/app/src/main/res/mipmap-hdpi/ic_launcher.png",".png","544","0","native Android","platform/android","native","false","true","Native platform/android runner, build or packaging support.","Flutter embedder / platform SDK","0","none observed in E1","mantener","","no direct test import located","medio","Baseline badbaa8; lines=0."
"android/app/src/main/res/mipmap-mdpi/ic_launcher.png",".png","442","0","native Android","platform/android","native","false","true","Native platform/android runner, build or packaging support.","Flutter embedder / platform SDK","0","none observed in E1","mantener","","no direct test import located","medio","Baseline badbaa8; lines=0."
"android/app/src/main/res/mipmap-xhdpi/ic_launcher.png",".png","721","0","native Android","platform/android","native","false","true","Native platform/android runner, build or packaging support.","Flutter embedder / platform SDK","0","none observed in E1","mantener","","no direct test import located","medio","Baseline badbaa8; lines=0."
"android/app/src/main/res/mipmap-xxhdpi/ic_launcher.png",".png","1031","0","native Android","platform/android","native","false","true","Native platform/android runner, build or packaging support.","Flutter embedder / platform SDK","0","none observed in E1","mantener","","no direct test import located","medio","Baseline badbaa8; lines=0."
"android/app/src/main/res/mipmap-xxxhdpi/ic_launcher.png",".png","1443","0","native Android","platform/android","native","false","true","Native platform/android runner, build or packaging support.","Flutter embedder / platform SDK","0","none observed in E1","mantener","","no direct test import located","medio","Baseline badbaa8; lines=0."
"android/app/src/main/res/values-night/styles.xml",".xml","1013","18","native Android","platform/android","native","false","true","Native platform/android runner, build or packaging support.","Flutter embedder / platform SDK","0","none observed in E1","mantener","","no direct test import located","medio","Baseline badbaa8; lines=18."
"android/app/src/main/res/values/styles.xml",".xml","1014","18","native Android","platform/android","native","false","true","Native platform/android runner, build or packaging support.","Flutter embedder / platform SDK","0","none observed in E1","mantener","","no direct test import located","medio","Baseline badbaa8; lines=18."
"android/app/src/profile/AndroidManifest.xml",".xml","385","7","native Android","platform/android","native","false","true","Native platform/android runner, build or packaging support.","Flutter embedder / platform SDK","0","none observed in E1","mantener","","no direct test import located","medio","Baseline badbaa8; lines=7."
"android/build.gradle.kts",".kts","561","24","native Android","platform/android","native","false","true","Native platform/android runner, build or packaging support.","Flutter embedder / platform SDK","0","none observed in E1","mantener","","no direct test import located","medio","Baseline badbaa8; lines=24."
"android/gradle.properties",".properties","335","6","native Android","platform/android","native","false","true","Native platform/android runner, build or packaging support.","Flutter embedder / platform SDK","0","none observed in E1","mantener","","no direct test import located","medio","Baseline badbaa8; lines=6."
"android/gradle/wrapper/gradle-wrapper.properties",".properties","207","5","native Android","platform/android","native","false","true","Native platform/android runner, build or packaging support.","Flutter embedder / platform SDK","0","none observed in E1","mantener","","no direct test import located","medio","Baseline badbaa8; lines=5."
"android/settings.gradle.kts",".kts","797","26","native Android","platform/android","native","false","true","Native platform/android runner, build or packaging support.","Flutter embedder / platform SDK","0","none observed in E1","mantener","","no direct test import located","medio","Baseline badbaa8; lines=26."
"docs/checksums_v0_2_0_rc1.txt",".txt","256","4","documentation","documentation","documentation","false","true","Project, release, QA or historical behavior documentation.","none","0","none observed in E1","documentar","","no direct test import located","bajo","Baseline badbaa8; lines=4."
"docs/checksums_v0_2_0.txt",".txt","244","4","documentation","documentation","documentation","false","true","Project, release, QA or historical behavior documentation.","none","0","none observed in E1","documentar","","no direct test import located","bajo","Baseline badbaa8; lines=4."
"docs/checksums_v0_3_0_rc1.txt",".txt","402","11","documentation","documentation","documentation","false","true","Project, release, QA or historical behavior documentation.","none","0","none observed in E1","documentar","","no direct test import located","bajo","Baseline badbaa8; lines=11."
"docs/install_and_portability.md",".md","6883","109","documentation","documentation","documentation","false","true","Project, release, QA or historical behavior documentation.","none","0","none observed in E1","documentar","","no direct test import located","bajo","Baseline badbaa8; lines=109."
"docs/qa_v0_2_checklist.md",".md","3094","62","documentation","documentation","documentation","false","true","Project, release, QA or historical behavior documentation.","none","0","none observed in E1","documentar","","no direct test import located","bajo","Baseline badbaa8; lines=62."
"docs/qa_v0_3_checklist.md",".md","2393","52","documentation","documentation","documentation","false","true","Project, release, QA or historical behavior documentation.","none","0","none observed in E1","documentar","","no direct test import located","bajo","Baseline badbaa8; lines=52."
"docs/qa_v1_checklist.md",".md","2752","63","documentation","documentation","documentation","false","true","Project, release, QA or historical behavior documentation.","none","0","none observed in E1","documentar","","no direct test import located","bajo","Baseline badbaa8; lines=63."
"docs/qr_sync_notes.md",".md","1658","26","documentation","documentation","documentation","false","true","Project, release, QA or historical behavior documentation.","none","0","none observed in E1","documentar","","no direct test import located","alto","Baseline badbaa8; lines=26."
"docs/release_notes_v0_2.md",".md","4292","82","documentation","documentation","documentation","false","true","Project, release, QA or historical behavior documentation.","none","0","none observed in E1","documentar","","no direct test import located","bajo","Baseline badbaa8; lines=82."
"docs/release_notes_v0_3.md",".md","2908","54","documentation","documentation","documentation","false","true","Project, release, QA or historical behavior documentation.","none","0","none observed in E1","documentar","","no direct test import located","bajo","Baseline badbaa8; lines=54."
"docs/release_notes_v1.md",".md","2335","51","documentation","documentation","documentation","false","true","Project, release, QA or historical behavior documentation.","none","0","none observed in E1","documentar","","no direct test import located","bajo","Baseline badbaa8; lines=51."
"docs/sync_roadmap.md",".md","8897","126","documentation","documentation","documentation","false","true","Project, release, QA or historical behavior documentation.","none","0","none observed in E1","documentar","","no direct test import located","alto","Baseline badbaa8; lines=126."
"l10n.yaml",".yaml","124","4","configuration","repository","configuration","false","true","Repository, Flutter, Dart or build configuration.","repository tooling/configuration","0","none observed in E1","mantener","","no direct test import located","bajo","Baseline badbaa8; lines=4."
"lib/app/app_shell.dart",".dart","4047","112","source","app","app","false","true","app app component.","flutter; go_router; lib/l10n/l10n.dart","2: lib/app/router.dart; test/app/app_shell_test.dart","none observed in E1","mantener","","test/app/app_shell_test.dart","bajo","Baseline badbaa8; lines=112."
"lib/app/backlog_vault_app.dart",".dart","1125","35","source","app","app","false","true","app app component.","flutter; flutter_riverpod; lib/app/router.dart; lib/app/theme.dart; lib/features/settings/application/app_language.dart; lib/l10n/l10n.dart","2: lib/main.dart; test/app/theme_test.dart","none observed in E1","mantener","","test/app/theme_test.dart","bajo","Baseline badbaa8; lines=35."
"lib/app/router.dart",".dart","2684","75","source","app","app","false","true","Declarative go_router route graph and shell destinations.","flutter_riverpod; go_router; lib/app/app_shell.dart; lib/features/backup_restore/presentation/backup_restore_page.dart; lib/features/bulk_metadata_import/presentation/bulk_metadata_import_page.dart; lib/features/games/presentation/game_detail_page.dart; lib/features/games/presentation/game_form_page.dart; lib/features/import_export/notion_csv/presentation/import_notion_csv_page.dart; lib/features/library/presentation/game_list_page.dart; lib/features/library/presentation/home_page.dart; lib/features/settings/presentation/settings_page.dart; lib/features/statistics/presentation/statistics_page.dart","2: lib/app/backlog_vault_app.dart; test/app/theme_test.dart","none observed in E1","mantener","","test/app/theme_test.dart","bajo","Baseline badbaa8; lines=75."
"lib/app/theme.dart",".dart","13534","343","source","app","app","false","true","app app component.","flutter; lib/core/design_system/bv_theme_extension.dart; lib/core/design_system/bv_tokens.dart","11: lib/app/backlog_vault_app.dart; test/app/theme_test.dart; test/core/design_system/bv_components_test.dart; test/features/backup_restore/presentation/backup_restore_page_test.dart; test/features/games/presentation/game_detail_page_test.dart; test/features/games/presentation/game_form_page_test.dart; test/features/import_export/notion_csv/presentation/import_notion_csv_page_test.dart; test/features/library/presentation/game_list_page_test.dart; test/features/library/presentation/library_catalog_widgets_test.dart; test/features/media/presentation/media_search_dialog_test.dart; test/features/settings/presentation/settings_page_test.dart","review signal: file over 300 lines","mantener","","test/app/theme_test.dart; test/core/design_system/bv_components_test.dart; test/features/backup_restore/presentation/backup_restore_page_test.dart; test/features/games/presentation/game_detail_page_test.dart; test/features/games/presentation/game_form_page_test.dart; test/features/import_export/notion_csv/presentation/import_notion_csv_page_test.dart; test/features/library/presentation/game_list_page_test.dart; test/features/library/presentation/library_catalog_widgets_test.dart; test/features/media/presentation/media_search_dialog_test.dart; test/features/settings/presentation/settings_page_test.dart","bajo","Baseline badbaa8; lines=343."
"lib/core/database/app_database.dart",".dart","2993","101","migration","core","core","false","true","Drift database declaration, schema version and migrations.","drift; drift_flutter; lib/core/database/tables.dart; lib/core/version/app_versions.dart","49: lib/core/database/database_providers.dart; lib/features/backup_restore/data/export_repository.dart; lib/features/bulk_metadata_import/application/build_bulk_metadata_plan_use_case.dart; lib/features/catalogs/data/catalog_repository.dart; lib/features/games/application/game_progress_summary.dart; lib/features/games/application/library_game_details.dart; lib/features/games/data/game_repository.dart; lib/features/games/presentation/game_detail_page.dart; lib/features/games/presentation/game_form_page.dart; lib/features/import_export/notion_csv/data/notion_csv_import_repository.dart; lib/features/library/data/library_query_repository.dart; lib/features/library/data/saved_library_view_repository.dart; lib/features/media/application/media_use_cases.dart; lib/features/media/data/media_repository.dart; lib/features/metadata/data/metadata_repository.dart; lib/features/statistics/data/statistics_repository.dart; lib/features/sync/data/lan_media_transfer_service.dart; lib/features/sync/data/sync_change_applier.dart; lib/features/sync/data/sync_change_tracking.dart; lib/features/sync/data/sync_conflict_detector.dart; lib/features/sync/data/sync_device_identity.dart; lib/features/sync/data/sync_group_management.dart; lib/features/sync/data/sync_package_builder.dart; test/features/backup_restore/backup_restore_service_test.dart; test/features/bulk_metadata_import/application/bulk_metadata_import_test.dart; test/features/catalogs/catalog_repository_test.dart; test/features/games/data/game_progress_realistic_import_test.dart; test/features/games/data/game_progress_repository_test.dart; test/features/games/data/game_repository_bulk_delete_test.dart; test/features/games/presentation/game_detail_page_test.dart; test/features/games/presentation/game_form_page_test.dart; test/features/import_export/notion_csv/notion_csv_import_repository_test.dart; test/features/library/data/library_query_repository_test.dart; test/features/library/data/library_table_realistic_import_test.dart; test/features/library/data/saved_library_view_repository_test.dart; test/features/library/data/schema_migration_test.dart; test/features/library/presentation/game_list_page_test.dart; test/features/library/presentation/library_cover_thumbnail_test.dart; test/features/media/data/media_repository_test.dart; test/features/media/presentation/media_search_dialog_test.dart; test/features/metadata/application/metadata_diff_test.dart; test/features/metadata/data/metadata_repository_test.dart; test/features/metadata/presentation/metadata_search_dialog_test.dart; test/features/statistics/data/statistics_repository_test.dart; test/features/sync/data/lan_sync_service_test.dart; test/features/sync/data/manual_sync_package_test.dart; test/features/sync/data/sync_foundation_test.dart; test/features/sync/data/sync_pairing_test.dart; test/features/sync/data/sync_schema_migration_test.dart","none observed in E1","mantener","","test/features/backup_restore/backup_restore_service_test.dart; test/features/bulk_metadata_import/application/bulk_metadata_import_test.dart; test/features/catalogs/catalog_repository_test.dart; test/features/games/data/game_progress_realistic_import_test.dart; test/features/games/data/game_progress_repository_test.dart; test/features/games/data/game_repository_bulk_delete_test.dart; test/features/games/presentation/game_detail_page_test.dart; test/features/games/presentation/game_form_page_test.dart; test/features/import_export/notion_csv/notion_csv_import_repository_test.dart; test/features/library/data/library_query_repository_test.dart; test/features/library/data/library_table_realistic_import_test.dart; test/features/library/data/saved_library_view_repository_test.dart; test/features/library/data/schema_migration_test.dart; test/features/library/presentation/game_list_page_test.dart; test/features/library/presentation/library_cover_thumbnail_test.dart; test/features/media/data/media_repository_test.dart; test/features/media/presentation/media_search_dialog_test.dart; test/features/metadata/application/metadata_diff_test.dart; test/features/metadata/data/metadata_repository_test.dart; test/features/metadata/presentation/metadata_search_dialog_test.dart; test/features/statistics/data/statistics_repository_test.dart; test/features/sync/data/lan_sync_service_test.dart; test/features/sync/data/manual_sync_package_test.dart; test/features/sync/data/sync_foundation_test.dart; test/features/sync/data/sync_pairing_test.dart; test/features/sync/data/sync_schema_migration_test.dart","alto","Baseline badbaa8; lines=101."
"lib/core/database/app_database.g.dart",".dart","576835","17348","generated","core","core","true","true","Generated Drift schema, rows, companions and managers.","repository tooling/configuration","0","generated output; review source instead","generado, no editar","generated from app_database.dart and tables.dart","no direct test import located","alto","Tracked generated artifact; regenerate from named source and never hand-edit."
"lib/core/database/database_providers.dart",".dart","235","9","source","core","core","false","true","core core adapter/service or dependency composition.","flutter_riverpod; lib/core/database/app_database.dart","11: lib/features/backup_restore/data/export_repository.dart; lib/features/catalogs/data/catalog_repository.dart; lib/features/games/data/game_repository.dart; lib/features/import_export/notion_csv/data/notion_csv_import_repository.dart; lib/features/library/data/library_query_repository.dart; lib/features/library/data/saved_library_view_repository.dart; lib/features/media/data/media_repository.dart; lib/features/metadata/data/metadata_repository.dart; lib/features/statistics/data/statistics_repository.dart; lib/features/sync/application/sync_providers.dart; test/features/library/presentation/library_cover_thumbnail_test.dart","none observed in E1","mantener","","test/features/library/presentation/library_cover_thumbnail_test.dart","alto","Baseline badbaa8; lines=9."
"lib/core/database/tables.dart",".dart","10186","268","source","core","core","false","true","Physical Drift table and relation declarations.","drift","1: lib/core/database/app_database.dart","none observed in E1","mantener","","no direct test import located","alto","Baseline badbaa8; lines=268."
"lib/core/design_system/bv_action_card.dart",".dart","3179","108","source","core","core","false","true","core core component.","flutter; lib/core/design_system/bv_panel.dart; lib/core/design_system/bv_spacing.dart; lib/core/design_system/bv_theme_extension.dart","3: lib/features/backup_restore/presentation/backup_restore_page.dart; lib/features/library/presentation/home_page.dart; lib/features/settings/presentation/settings_page.dart","none observed in E1","mantener","","no direct test import located","bajo","Baseline badbaa8; lines=108."
"lib/core/design_system/bv_breakpoints.dart",".dart","456","13","source","core","core","false","true","core core component.","repository tooling/configuration","5: lib/core/design_system/bv_page_scaffold.dart; lib/features/games/presentation/game_detail_page.dart; lib/features/games/presentation/game_form_page.dart; lib/features/library/application/library_responsive_layout.dart; lib/features/library/presentation/game_list_page.dart","none observed in E1","mantener","","no direct test import located","bajo","Baseline badbaa8; lines=13."
"lib/core/design_system/bv_chip.dart",".dart","3358","113","source","core","core","false","true","core core component.","flutter; lib/core/design_system/bv_spacing.dart; lib/core/design_system/bv_theme_extension.dart; lib/core/design_system/bv_tokens.dart","11: lib/features/bulk_metadata_import/presentation/bulk_metadata_import_page.dart; lib/features/games/presentation/game_detail_page.dart; lib/features/games/presentation/game_form_page.dart; lib/features/import_export/notion_csv/presentation/import_notion_csv_page.dart; lib/features/library/presentation/game_list_page.dart; lib/features/library/presentation/home_page.dart; lib/features/library/presentation/widgets/library_catalog_widgets.dart; lib/features/media/presentation/media_search_dialog.dart; lib/features/metadata/presentation/metadata_search_dialog.dart; lib/features/statistics/presentation/statistics_page.dart; test/core/design_system/bv_components_test.dart","none observed in E1","mantener","","test/core/design_system/bv_components_test.dart","bajo","Baseline badbaa8; lines=113."
"lib/core/design_system/bv_danger_zone.dart",".dart","1233","48","source","core","core","false","true","core core component.","flutter; lib/core/design_system/bv_panel.dart; lib/core/design_system/bv_spacing.dart; lib/core/design_system/bv_theme_extension.dart","2: lib/features/backup_restore/presentation/backup_restore_page.dart; lib/features/settings/presentation/settings_page.dart","none observed in E1","mantener","","no direct test import located","bajo","Baseline badbaa8; lines=48."
"lib/core/design_system/bv_empty_state.dart",".dart","2235","69","source","core","core","false","true","core core component.","flutter; lib/core/design_system/bv_spacing.dart; lib/core/design_system/bv_theme_extension.dart","10: lib/features/bulk_metadata_import/presentation/bulk_metadata_import_page.dart; lib/features/games/presentation/game_detail_page.dart; lib/features/games/presentation/game_form_page.dart; lib/features/import_export/notion_csv/presentation/import_notion_csv_page.dart; lib/features/library/presentation/game_list_page.dart; lib/features/library/presentation/home_page.dart; lib/features/media/presentation/media_search_dialog.dart; lib/features/metadata/presentation/metadata_search_dialog.dart; lib/features/statistics/presentation/statistics_page.dart; test/core/design_system/bv_components_test.dart","none observed in E1","mantener","","test/core/design_system/bv_components_test.dart","bajo","Baseline badbaa8; lines=69."
"lib/core/design_system/bv_error_state.dart",".dart","2252","70","source","core","core","false","true","core core component.","flutter; lib/core/design_system/bv_panel.dart; lib/core/design_system/bv_spacing.dart; lib/core/design_system/bv_theme_extension.dart","4: lib/features/library/presentation/game_list_page.dart; lib/features/library/presentation/home_page.dart; lib/features/statistics/presentation/statistics_page.dart; test/core/design_system/bv_components_test.dart","none observed in E1","mantener","","test/core/design_system/bv_components_test.dart","bajo","Baseline badbaa8; lines=70."
"lib/core/design_system/bv_key_value_row.dart",".dart","1506","56","source","core","core","false","true","core core component.","flutter; lib/core/design_system/bv_spacing.dart; lib/core/design_system/bv_theme_extension.dart","1: lib/features/settings/presentation/settings_page.dart","none observed in E1","mantener","","no direct test import located","bajo","Baseline badbaa8; lines=56."
"lib/core/design_system/bv_loading_state.dart",".dart","968","36","source","core","core","false","true","core core component.","flutter; lib/core/design_system/bv_spacing.dart; lib/core/design_system/bv_theme_extension.dart","5: lib/features/bulk_metadata_import/presentation/bulk_metadata_import_page.dart; lib/features/library/presentation/game_list_page.dart; lib/features/library/presentation/home_page.dart; lib/features/statistics/presentation/statistics_page.dart; test/core/design_system/bv_components_test.dart","none observed in E1","mantener","","test/core/design_system/bv_components_test.dart","bajo","Baseline badbaa8; lines=36."
"lib/core/design_system/bv_page_scaffold.dart",".dart","1300","48","source","core","core","false","true","core core component.","flutter; lib/core/design_system/bv_breakpoints.dart; lib/core/design_system/bv_spacing.dart","7: lib/features/backup_restore/presentation/backup_restore_page.dart; lib/features/bulk_metadata_import/presentation/bulk_metadata_import_page.dart; lib/features/import_export/notion_csv/presentation/import_notion_csv_page.dart; lib/features/library/presentation/home_page.dart; lib/features/settings/presentation/settings_page.dart; lib/features/statistics/presentation/statistics_page.dart; test/core/design_system/bv_components_test.dart","none observed in E1","mantener","","test/core/design_system/bv_components_test.dart","bajo","Baseline badbaa8; lines=48."
"lib/core/design_system/bv_panel.dart",".dart","815","34","source","core","core","false","true","core core component.","flutter; lib/core/design_system/bv_spacing.dart; lib/core/design_system/bv_surface.dart; lib/core/design_system/bv_theme_extension.dart; lib/core/design_system/bv_tokens.dart","16: lib/core/design_system/bv_action_card.dart; lib/core/design_system/bv_danger_zone.dart; lib/core/design_system/bv_error_state.dart; lib/core/design_system/bv_progress_panel.dart; lib/core/design_system/bv_status_banner.dart; lib/core/design_system/bv_wizard_step.dart; lib/features/games/presentation/game_detail_page.dart; lib/features/games/presentation/game_form_page.dart; lib/features/library/presentation/game_list_page.dart; lib/features/library/presentation/home_page.dart; lib/features/library/presentation/widgets/library_catalog_widgets.dart; lib/features/metadata/presentation/metadata_search_dialog.dart; lib/features/settings/presentation/settings_page.dart; lib/features/statistics/presentation/statistics_page.dart; lib/features/sync/presentation/manual_sync_section.dart; test/core/design_system/bv_components_test.dart","none observed in E1","mantener","","test/core/design_system/bv_components_test.dart","bajo","Baseline badbaa8; lines=34."
"lib/core/design_system/bv_progress_panel.dart",".dart","1638","60","source","core","core","false","true","core core component.","flutter; lib/core/design_system/bv_panel.dart; lib/core/design_system/bv_spacing.dart","3: lib/features/backup_restore/presentation/backup_restore_page.dart; lib/features/bulk_metadata_import/presentation/bulk_metadata_import_page.dart; lib/features/sync/presentation/manual_sync_section.dart","none observed in E1","mantener","","no direct test import located","bajo","Baseline badbaa8; lines=60."
"lib/core/design_system/bv_section.dart",".dart","1799","63","source","core","core","false","true","core core component.","flutter; lib/core/design_system/bv_spacing.dart; lib/core/design_system/bv_theme_extension.dart","8: lib/core/design_system/bv_wizard_step.dart; lib/features/games/presentation/game_detail_page.dart; lib/features/games/presentation/game_form_page.dart; lib/features/library/presentation/home_page.dart; lib/features/settings/presentation/settings_page.dart; lib/features/statistics/presentation/statistics_page.dart; lib/features/sync/presentation/manual_sync_section.dart; test/core/design_system/bv_components_test.dart","none observed in E1","mantener","","test/core/design_system/bv_components_test.dart","bajo","Baseline badbaa8; lines=63."
"lib/core/design_system/bv_spacing.dart",".dart","684","22","source","core","core","false","true","core core component.","flutter","28: lib/core/design_system/bv_action_card.dart; lib/core/design_system/bv_chip.dart; lib/core/design_system/bv_danger_zone.dart; lib/core/design_system/bv_empty_state.dart; lib/core/design_system/bv_error_state.dart; lib/core/design_system/bv_key_value_row.dart; lib/core/design_system/bv_loading_state.dart; lib/core/design_system/bv_page_scaffold.dart; lib/core/design_system/bv_panel.dart; lib/core/design_system/bv_progress_panel.dart; lib/core/design_system/bv_section.dart; lib/core/design_system/bv_stat_card.dart; lib/core/design_system/bv_status_banner.dart; lib/core/design_system/bv_surface.dart; lib/core/design_system/bv_wizard_step.dart; lib/features/backup_restore/presentation/backup_restore_page.dart; lib/features/bulk_metadata_import/presentation/bulk_metadata_import_page.dart; lib/features/games/presentation/game_detail_page.dart; lib/features/games/presentation/game_form_page.dart; lib/features/import_export/notion_csv/presentation/import_notion_csv_page.dart; lib/features/library/presentation/game_list_page.dart; lib/features/library/presentation/home_page.dart; lib/features/media/presentation/media_search_dialog.dart; lib/features/metadata/presentation/metadata_search_dialog.dart; lib/features/settings/presentation/settings_page.dart; lib/features/statistics/presentation/statistics_page.dart; lib/features/sync/presentation/manual_sync_section.dart; lib/features/sync/presentation/sync_qr_scanner_page.dart","none observed in E1","mantener","","no direct test import located","bajo","Baseline badbaa8; lines=22."
"lib/core/design_system/bv_stat_card.dart",".dart","2128","74","source","core","core","false","true","core core component.","flutter; lib/core/design_system/bv_spacing.dart; lib/core/design_system/bv_surface.dart; lib/core/design_system/bv_theme_extension.dart","4: lib/features/games/presentation/game_detail_page.dart; lib/features/library/presentation/home_page.dart; lib/features/statistics/presentation/statistics_page.dart; test/core/design_system/bv_components_test.dart","none observed in E1","mantener","","test/core/design_system/bv_components_test.dart","bajo","Baseline badbaa8; lines=74."
"lib/core/design_system/bv_status_banner.dart",".dart","2733","89","source","core","core","false","true","core core component.","flutter; lib/core/design_system/bv_panel.dart; lib/core/design_system/bv_spacing.dart; lib/core/design_system/bv_theme_extension.dart","5: lib/features/backup_restore/presentation/backup_restore_page.dart; lib/features/bulk_metadata_import/presentation/bulk_metadata_import_page.dart; lib/features/import_export/notion_csv/presentation/import_notion_csv_page.dart; lib/features/settings/presentation/settings_page.dart; lib/features/sync/presentation/manual_sync_section.dart","none observed in E1","mantener","","no direct test import located","bajo","Baseline badbaa8; lines=89."
"lib/core/design_system/bv_surface.dart",".dart","1822","65","source","core","core","false","true","core core component.","flutter; lib/core/design_system/bv_spacing.dart; lib/core/design_system/bv_theme_extension.dart; lib/core/design_system/bv_tokens.dart","11: lib/core/design_system/bv_panel.dart; lib/core/design_system/bv_stat_card.dart; lib/core/design_system/bv_wizard_step.dart; lib/features/games/presentation/game_detail_page.dart; lib/features/games/presentation/game_form_page.dart; lib/features/import_export/notion_csv/presentation/import_notion_csv_page.dart; lib/features/library/presentation/home_page.dart; lib/features/library/presentation/widgets/library_catalog_widgets.dart; lib/features/media/presentation/media_search_dialog.dart; lib/features/metadata/presentation/metadata_search_dialog.dart; lib/features/statistics/presentation/statistics_page.dart","none observed in E1","mantener","","no direct test import located","bajo","Baseline badbaa8; lines=65."
"lib/core/design_system/bv_theme_extension.dart",".dart","4095","121","source","core","core","false","true","core core component.","flutter; lib/core/design_system/bv_tokens.dart","21: lib/app/theme.dart; lib/core/design_system/bv_action_card.dart; lib/core/design_system/bv_chip.dart; lib/core/design_system/bv_danger_zone.dart; lib/core/design_system/bv_empty_state.dart; lib/core/design_system/bv_error_state.dart; lib/core/design_system/bv_key_value_row.dart; lib/core/design_system/bv_loading_state.dart; lib/core/design_system/bv_panel.dart; lib/core/design_system/bv_section.dart; lib/core/design_system/bv_stat_card.dart; lib/core/design_system/bv_status_banner.dart; lib/core/design_system/bv_surface.dart; lib/features/games/presentation/game_detail_page.dart; lib/features/games/presentation/game_form_page.dart; lib/features/library/presentation/game_list_page.dart; lib/features/library/presentation/widgets/library_catalog_widgets.dart; lib/features/media/presentation/media_search_dialog.dart; lib/features/settings/presentation/settings_page.dart; lib/features/statistics/presentation/statistics_page.dart; test/app/theme_test.dart","none observed in E1","mantener","","test/app/theme_test.dart","bajo","Baseline badbaa8; lines=121."
"lib/core/design_system/bv_tokens.dart",".dart","1684","50","source","core","core","false","true","core core component.","flutter","8: lib/app/theme.dart; lib/core/design_system/bv_chip.dart; lib/core/design_system/bv_panel.dart; lib/core/design_system/bv_surface.dart; lib/core/design_system/bv_theme_extension.dart; lib/features/games/presentation/game_detail_page.dart; lib/features/library/presentation/widgets/library_catalog_widgets.dart; lib/features/media/presentation/media_search_dialog.dart","none observed in E1","mantener","","no direct test import located","bajo","Baseline badbaa8; lines=50."
"lib/core/design_system/bv_wizard_step.dart",".dart","1454","57","source","core","core","false","true","core core component.","flutter; lib/core/design_system/bv_panel.dart; lib/core/design_system/bv_section.dart; lib/core/design_system/bv_spacing.dart; lib/core/design_system/bv_surface.dart","2: lib/features/bulk_metadata_import/presentation/bulk_metadata_import_page.dart; lib/features/import_export/notion_csv/presentation/import_notion_csv_page.dart","none observed in E1","mantener","","no direct test import located","bajo","Baseline badbaa8; lines=57."
"lib/core/errors/app_exception.dart",".dart","150","8","source","core","core","false","true","core core component.","repository tooling/configuration","1: lib/features/games/data/game_repository.dart","none observed in E1","mantener","","no direct test import located","bajo","Baseline badbaa8; lines=8."
"lib/core/formatting/date_formatters.dart",".dart","216","8","source","core","core","false","true","core core component.","intl","9: lib/features/backup_restore/data/export_repository.dart; lib/features/games/presentation/game_detail_page.dart; lib/features/games/presentation/game_form_page.dart; lib/features/import_export/notion_csv/presentation/import_notion_csv_page.dart; lib/features/library/presentation/game_list_page.dart; lib/features/library/presentation/home_page.dart; lib/features/library/presentation/widgets/library_catalog_widgets.dart; lib/features/metadata/presentation/metadata_search_dialog.dart; lib/features/statistics/presentation/statistics_page.dart","none observed in E1","mantener","","no direct test import located","bajo","Baseline badbaa8; lines=8."
"lib/core/ids/id_generator.dart",".dart","213","11","source","core","core","false","true","core core component.","uuid","20: lib/features/backup_restore/data/backup_service.dart; lib/features/bulk_metadata_import/application/apply_bulk_metadata_plan_use_case.dart; lib/features/catalogs/data/catalog_repository.dart; lib/features/games/data/game_repository.dart; lib/features/import_export/notion_csv/data/notion_csv_import_repository.dart; lib/features/library/data/saved_library_view_repository.dart; lib/features/media/data/media_repository.dart; lib/features/metadata/data/metadata_repository.dart; lib/features/sync/data/lan_sync_service.dart; lib/features/sync/data/sync_change_tracking.dart; lib/features/sync/data/sync_device_identity.dart; lib/features/sync/data/sync_group_management.dart; lib/features/sync/data/sync_package_builder.dart; test/features/backup_restore/backup_restore_service_test.dart; test/features/import_export/notion_csv/notion_csv_import_repository_test.dart; test/features/media/data/media_repository_test.dart; test/features/sync/data/lan_sync_service_test.dart; test/features/sync/data/manual_sync_package_test.dart; test/features/sync/data/sync_foundation_test.dart; test/features/sync/data/sync_pairing_test.dart","none observed in E1","mantener","","test/features/backup_restore/backup_restore_service_test.dart; test/features/import_export/notion_csv/notion_csv_import_repository_test.dart; test/features/media/data/media_repository_test.dart; test/features/sync/data/lan_sync_service_test.dart; test/features/sync/data/manual_sync_package_test.dart; test/features/sync/data/sync_foundation_test.dart; test/features/sync/data/sync_pairing_test.dart","bajo","Baseline badbaa8; lines=11."
"lib/core/privacy/privacy_redactor.dart",".dart","1974","56","source","core","core","false","true","core core component.","repository tooling/configuration","10: lib/features/backup_restore/presentation/backup_restore_page.dart; lib/features/bulk_metadata_import/application/apply_bulk_metadata_plan_use_case.dart; lib/features/bulk_metadata_import/application/build_bulk_metadata_plan_use_case.dart; lib/features/bulk_metadata_import/application/bulk_cover_plan_resolver.dart; lib/features/bulk_metadata_import/presentation/bulk_metadata_import_page.dart; lib/features/games/presentation/game_form_page.dart; lib/features/media/presentation/media_search_dialog.dart; lib/features/metadata/presentation/metadata_search_dialog.dart; lib/features/sync/data/sync_payload_sanitizer.dart; test/core/privacy/privacy_redactor_test.dart","none observed in E1","mantener","","test/core/privacy/privacy_redactor_test.dart","bajo","Baseline badbaa8; lines=56."
"lib/core/time/clock.dart",".dart","100","7","source","core","core","false","true","core core component.","repository tooling/configuration","26: lib/features/backup_restore/data/backup_service.dart; lib/features/backup_restore/data/export_repository.dart; lib/features/catalogs/data/catalog_repository.dart; lib/features/games/data/game_repository.dart; lib/features/import_export/notion_csv/data/notion_csv_import_repository.dart; lib/features/library/data/saved_library_view_repository.dart; lib/features/media/data/igdb_media_provider.dart; lib/features/media/data/media_repository.dart; lib/features/metadata/data/igdb_metadata_provider.dart; lib/features/metadata/data/metadata_repository.dart; lib/features/sync/data/lan_media_transfer_service.dart; lib/features/sync/data/sync_change_applier.dart; lib/features/sync/data/sync_change_tracking.dart; lib/features/sync/data/sync_device_identity.dart; lib/features/sync/data/sync_group_management.dart; lib/features/sync/data/sync_package_builder.dart; lib/features/sync/data/sync_package_service.dart; lib/features/sync/data/sync_pairing_service.dart; test/features/backup_restore/backup_restore_service_test.dart; test/features/games/data/game_progress_repository_test.dart; test/features/media/data/igdb_media_provider_test.dart; test/features/metadata/data/igdb_metadata_provider_test.dart; test/features/sync/data/lan_sync_service_test.dart; test/features/sync/data/manual_sync_package_test.dart; test/features/sync/data/sync_foundation_test.dart; test/features/sync/data/sync_pairing_test.dart","none observed in E1","mantener","","test/features/backup_restore/backup_restore_service_test.dart; test/features/games/data/game_progress_repository_test.dart; test/features/media/data/igdb_media_provider_test.dart; test/features/metadata/data/igdb_metadata_provider_test.dart; test/features/sync/data/lan_sync_service_test.dart; test/features/sync/data/manual_sync_package_test.dart; test/features/sync/data/sync_foundation_test.dart; test/features/sync/data/sync_pairing_test.dart","bajo","Baseline badbaa8; lines=7."
"lib/core/version/app_versions.dart",".dart","444","11","source","core","core","false","true","core core component.","repository tooling/configuration","15: lib/core/database/app_database.dart; lib/features/backup_restore/data/export_repository.dart; lib/features/backup_restore/domain/backup_models.dart; lib/features/sync/data/encrypted_pairing_codec.dart; lib/features/sync/data/encrypted_sync_package_codec.dart; lib/features/sync/data/lan_sync_service.dart; lib/features/sync/data/sync_group_management.dart; lib/features/sync/data/sync_package_builder.dart; lib/features/sync/data/sync_pairing_service.dart; lib/features/sync/data/sync_qr_payload_codec.dart; lib/features/sync/domain/sync_package_models.dart; lib/features/sync/domain/sync_pairing_models.dart; test/features/backup_restore/backup_restore_service_test.dart; test/features/sync/data/sync_foundation_test.dart; test/features/sync/data/sync_schema_migration_test.dart","none observed in E1","mantener","","test/features/backup_restore/backup_restore_service_test.dart; test/features/sync/data/sync_foundation_test.dart; test/features/sync/data/sync_schema_migration_test.dart","bajo","Baseline badbaa8; lines=11."
"lib/core/widgets/dropdown_value_guard.dart",".dart","229","8","source","core","core","false","true","core core component.","repository tooling/configuration","2: lib/features/games/presentation/game_form_page.dart; test/core/widgets/dropdown_value_guard_test.dart","none observed in E1","mantener","","test/core/widgets/dropdown_value_guard_test.dart","bajo","Baseline badbaa8; lines=8."
"lib/features/backup_restore/application/backup_restore_providers.dart",".dart","242","9","source","backup_restore","application","false","true","backup_restore application adapter/service or dependency composition.","flutter_riverpod; lib/features/backup_restore/data/backup_file_picker_service.dart","1: lib/features/backup_restore/presentation/backup_restore_page.dart","none observed in E1","mantener","","no direct test import located","alto","Baseline badbaa8; lines=9."
"lib/features/backup_restore/data/backup_file_picker_service.dart",".dart","1288","49","source","backup_restore","data","false","true","backup_restore data adapter/service or dependency composition.","dart:io; file_picker","1: lib/features/backup_restore/application/backup_restore_providers.dart","none observed in E1","mantener","","no direct test import located","alto","Baseline badbaa8; lines=49."
"lib/features/backup_restore/data/backup_service.dart",".dart","14770","462","source","backup_restore","data","false","true","backup_restore data adapter/service or dependency composition.","archive; crypto; dart:convert; dart:io; flutter_riverpod; path_provider; lib/core/ids/id_generator.dart; lib/core/time/clock.dart; lib/features/backup_restore/data/encrypted_backup_codec.dart; lib/features/backup_restore/data/export_repository.dart; lib/features/backup_restore/domain/backup_models.dart","2: lib/features/backup_restore/presentation/backup_restore_page.dart; test/features/backup_restore/backup_restore_service_test.dart","review signal: file over 300 lines","mantener","","test/features/backup_restore/backup_restore_service_test.dart","alto","Baseline badbaa8; lines=462."
"lib/features/backup_restore/data/encrypted_backup_codec.dart",".dart","6214","214","source","backup_restore","data","false","true","backup_restore data component.","cryptography; dart:convert; dart:math; dart:typed_data; lib/features/backup_restore/domain/backup_models.dart","3: lib/features/backup_restore/data/backup_service.dart; test/features/backup_restore/backup_restore_service_test.dart; test/features/backup_restore/encrypted_backup_codec_test.dart","none observed in E1","mantener","","test/features/backup_restore/backup_restore_service_test.dart; test/features/backup_restore/encrypted_backup_codec_test.dart","alto","Baseline badbaa8; lines=214."
"lib/features/backup_restore/data/export_repository.dart",".dart","26725","741","source","backup_restore","data","false","true","backup_restore repository/data access and persistence behavior.","csv; dart:convert; drift; flutter_riverpod; lib/core/database/app_database.dart; lib/core/database/database_providers.dart; lib/core/formatting/date_formatters.dart; lib/core/time/clock.dart; lib/core/version/app_versions.dart; lib/features/backup_restore/domain/backup_models.dart; lib/features/library/data/library_query_repository.dart; lib/features/library/domain/game_status.dart; lib/features/sync/application/sync_providers.dart; lib/features/sync/data/sync_change_tracking.dart; lib/features/sync/domain/sync_models.dart","3: lib/features/backup_restore/data/backup_service.dart; test/features/backup_restore/backup_restore_service_test.dart; test/features/sync/data/sync_foundation_test.dart","repository is coupled to SyncAwareTransaction and Drift","dividir","lib/features/backup_restore/data/logical_export_repository.dart + restore_repository.dart","test/features/backup_restore/backup_restore_service_test.dart; test/features/sync/data/sync_foundation_test.dart","alto","Baseline badbaa8; lines=741."
"lib/features/backup_restore/domain/backup_models.dart",".dart","9093","302","source","backup_restore","domain","false","true","backup_restore domain model, value object or policy.","dart:convert; lib/core/version/app_versions.dart","7: lib/features/backup_restore/data/backup_service.dart; lib/features/backup_restore/data/encrypted_backup_codec.dart; lib/features/backup_restore/data/export_repository.dart; lib/features/backup_restore/presentation/backup_restore_page.dart; test/features/backup_restore/backup_restore_service_test.dart; test/features/backup_restore/encrypted_backup_codec_test.dart; test/features/sync/data/sync_foundation_test.dart","review signal: file over 300 lines","mantener","","test/features/backup_restore/backup_restore_service_test.dart; test/features/backup_restore/encrypted_backup_codec_test.dart; test/features/sync/data/sync_foundation_test.dart","alto","Baseline badbaa8; lines=302."
"lib/features/backup_restore/presentation/backup_restore_page.dart",".dart","19357","556","source","backup_restore","presentation","false","true","backup_restore UI screen, dialog or reusable widget.","flutter; flutter_riverpod; lib/core/design_system/bv_action_card.dart; lib/core/design_system/bv_danger_zone.dart; lib/core/design_system/bv_page_scaffold.dart; lib/core/design_system/bv_progress_panel.dart; lib/core/design_system/bv_spacing.dart; lib/core/design_system/bv_status_banner.dart; lib/core/privacy/privacy_redactor.dart; lib/features/backup_restore/application/backup_restore_providers.dart; lib/features/backup_restore/data/backup_service.dart; lib/features/backup_restore/domain/backup_models.dart; lib/l10n/l10n.dart","2: lib/app/router.dart; test/features/backup_restore/presentation/backup_restore_page_test.dart","large file over 500 lines; review cohesion and split","dividir","","test/features/backup_restore/presentation/backup_restore_page_test.dart","alto","Baseline badbaa8; lines=556."
"lib/features/bulk_metadata_import/application/apply_bulk_metadata_plan_use_case.dart",".dart","7481","223","source","bulk_metadata_import","application","false","true","bulk_metadata_import application state, orchestration or use case.","lib/core/ids/id_generator.dart; lib/core/privacy/privacy_redactor.dart; lib/features/bulk_metadata_import/domain/bulk_metadata_import_models.dart; lib/features/media/domain/media_asset_models.dart; lib/features/metadata/domain/apply_metadata_request.dart; lib/features/metadata/domain/metadata_field.dart; lib/features/sync/data/sync_change_tracking.dart; lib/features/sync/domain/sync_models.dart","3: lib/features/bulk_metadata_import/application/bulk_metadata_import_providers.dart; test/features/bulk_metadata_import/application/bulk_metadata_import_test.dart; test/features/bulk_metadata_import/presentation/bulk_metadata_import_page_test.dart","none observed in E1","mantener","","test/features/bulk_metadata_import/application/bulk_metadata_import_test.dart; test/features/bulk_metadata_import/presentation/bulk_metadata_import_page_test.dart","bajo","Baseline badbaa8; lines=223."
"lib/features/bulk_metadata_import/application/build_bulk_metadata_plan_use_case.dart",".dart","12474","379","source","bulk_metadata_import","application","false","true","bulk_metadata_import application state, orchestration or use case.","lib/core/database/app_database.dart; lib/core/privacy/privacy_redactor.dart; lib/features/bulk_metadata_import/application/bulk_import_scope_filter.dart; lib/features/bulk_metadata_import/application/bulk_match_scorer.dart; lib/features/bulk_metadata_import/application/bulk_metadata_diff_builder.dart; lib/features/bulk_metadata_import/domain/bulk_metadata_import_models.dart; lib/features/library/domain/library_game_row.dart; lib/features/media/domain/media_asset_models.dart; lib/features/metadata/domain/external_game_details.dart; lib/features/metadata/domain/metadata_exception.dart; lib/features/metadata/domain/metadata_provider.dart","2: lib/features/bulk_metadata_import/application/bulk_metadata_import_providers.dart; test/features/bulk_metadata_import/application/bulk_metadata_import_test.dart","review signal: file over 300 lines","mantener","","test/features/bulk_metadata_import/application/bulk_metadata_import_test.dart","bajo","Baseline badbaa8; lines=379."
"lib/features/bulk_metadata_import/application/bulk_cover_plan_resolver.dart",".dart","5104","158","source","bulk_metadata_import","application","false","true","bulk_metadata_import application state, orchestration or use case.","lib/core/privacy/privacy_redactor.dart; lib/features/bulk_metadata_import/application/bulk_match_scorer.dart; lib/features/bulk_metadata_import/domain/bulk_metadata_import_models.dart; lib/features/library/domain/library_game_row.dart; lib/features/media/data/igdb_media_provider.dart; lib/features/media/domain/media_asset_models.dart; lib/features/media/domain/media_exception.dart; lib/features/media/domain/media_provider.dart; lib/features/metadata/domain/external_game_details.dart","2: lib/features/bulk_metadata_import/presentation/bulk_metadata_import_page.dart; test/features/bulk_metadata_import/application/bulk_metadata_import_test.dart","none observed in E1","mantener","","test/features/bulk_metadata_import/application/bulk_metadata_import_test.dart","bajo","Baseline badbaa8; lines=158."
"lib/features/bulk_metadata_import/application/bulk_import_scope_filter.dart",".dart","1038","34","source","bulk_metadata_import","application","false","true","bulk_metadata_import application state, orchestration or use case.","lib/features/bulk_metadata_import/domain/bulk_metadata_import_models.dart; lib/features/library/domain/library_game_row.dart","2: lib/features/bulk_metadata_import/application/build_bulk_metadata_plan_use_case.dart; test/features/bulk_metadata_import/application/bulk_metadata_import_test.dart","none observed in E1","mantener","","test/features/bulk_metadata_import/application/bulk_metadata_import_test.dart","bajo","Baseline badbaa8; lines=34."
"lib/features/bulk_metadata_import/application/bulk_match_scorer.dart",".dart","4818","163","source","bulk_metadata_import","application","false","true","bulk_metadata_import application state, orchestration or use case.","lib/features/bulk_metadata_import/domain/bulk_metadata_import_models.dart; lib/features/library/domain/library_game_row.dart; lib/features/metadata/domain/metadata_search_candidate.dart","3: lib/features/bulk_metadata_import/application/build_bulk_metadata_plan_use_case.dart; lib/features/bulk_metadata_import/application/bulk_cover_plan_resolver.dart; test/features/bulk_metadata_import/application/bulk_metadata_import_test.dart","none observed in E1","mantener","","test/features/bulk_metadata_import/application/bulk_metadata_import_test.dart","bajo","Baseline badbaa8; lines=163."
"lib/features/bulk_metadata_import/application/bulk_metadata_diff_builder.dart",".dart","5480","179","source","bulk_metadata_import","application","false","true","bulk_metadata_import application state, orchestration or use case.","lib/features/bulk_metadata_import/domain/bulk_metadata_import_models.dart; lib/features/library/domain/library_game_row.dart; lib/features/metadata/domain/external_game_details.dart; lib/features/metadata/domain/metadata_field.dart","1: lib/features/bulk_metadata_import/application/build_bulk_metadata_plan_use_case.dart","none observed in E1","mantener","","no direct test import located","bajo","Baseline badbaa8; lines=179."
"lib/features/bulk_metadata_import/application/bulk_metadata_import_providers.dart",".dart","1115","29","source","bulk_metadata_import","application","false","true","bulk_metadata_import application adapter/service or dependency composition.","flutter_riverpod; lib/features/bulk_metadata_import/application/apply_bulk_metadata_plan_use_case.dart; lib/features/bulk_metadata_import/application/build_bulk_metadata_plan_use_case.dart; lib/features/media/application/media_providers.dart; lib/features/metadata/application/metadata_providers.dart; lib/features/metadata/data/metadata_repository.dart","2: lib/features/bulk_metadata_import/presentation/bulk_metadata_import_page.dart; test/features/bulk_metadata_import/presentation/bulk_metadata_import_page_test.dart","none observed in E1","mantener","","test/features/bulk_metadata_import/presentation/bulk_metadata_import_page_test.dart","bajo","Baseline badbaa8; lines=29."
"lib/features/bulk_metadata_import/domain/bulk_metadata_import_models.dart",".dart","13980","483","source","bulk_metadata_import","domain","false","true","bulk_metadata_import domain model, value object or policy.","lib/features/library/domain/library_game_row.dart; lib/features/media/domain/media_asset_models.dart; lib/features/metadata/domain/external_game_details.dart; lib/features/metadata/domain/metadata_field.dart; lib/features/metadata/domain/metadata_search_candidate.dart","9: lib/features/bulk_metadata_import/application/apply_bulk_metadata_plan_use_case.dart; lib/features/bulk_metadata_import/application/build_bulk_metadata_plan_use_case.dart; lib/features/bulk_metadata_import/application/bulk_cover_plan_resolver.dart; lib/features/bulk_metadata_import/application/bulk_import_scope_filter.dart; lib/features/bulk_metadata_import/application/bulk_match_scorer.dart; lib/features/bulk_metadata_import/application/bulk_metadata_diff_builder.dart; lib/features/bulk_metadata_import/presentation/bulk_metadata_import_page.dart; lib/l10n/domain_localizations.dart; test/features/bulk_metadata_import/application/bulk_metadata_import_test.dart","review signal: file over 300 lines","mantener","","test/features/bulk_metadata_import/application/bulk_metadata_import_test.dart","bajo","Baseline badbaa8; lines=483."
"lib/features/bulk_metadata_import/presentation/bulk_metadata_import_page.dart",".dart","64384","1777","source","bulk_metadata_import","presentation","false","true","bulk_metadata_import UI screen, dialog or reusable widget.","flutter; flutter_riverpod; go_router; lib/core/design_system/bv_chip.dart; lib/core/design_system/bv_empty_state.dart; lib/core/design_system/bv_loading_state.dart; lib/core/design_system/bv_page_scaffold.dart; lib/core/design_system/bv_progress_panel.dart; lib/core/design_system/bv_spacing.dart; lib/core/design_system/bv_status_banner.dart; lib/core/design_system/bv_wizard_step.dart; lib/core/privacy/privacy_redactor.dart; lib/features/bulk_metadata_import/application/bulk_cover_plan_resolver.dart; lib/features/bulk_metadata_import/application/bulk_metadata_import_providers.dart; lib/features/bulk_metadata_import/domain/bulk_metadata_import_models.dart; lib/features/library/data/library_query_repository.dart; lib/features/library/domain/library_game_row.dart; lib/features/media/domain/media_asset_models.dart; lib/features/metadata/domain/metadata_provider.dart; lib/l10n/domain_localizations.dart; lib/l10n/l10n.dart","2: lib/app/router.dart; test/features/bulk_metadata_import/presentation/bulk_metadata_import_page_test.dart","monolithic file over 1,000 lines; mixed responsibilities","dividir","lib/features/bulk_metadata_import/presentation/widgets/ + application/bulk_import_view_model.dart","test/features/bulk_metadata_import/presentation/bulk_metadata_import_page_test.dart","medio","Baseline badbaa8; lines=1777."
"lib/features/catalogs/data/catalog_repository.dart",".dart","12360","371","source","catalogs","data","false","true","catalogs repository/data access and persistence behavior.","drift; flutter_riverpod; lib/core/database/app_database.dart; lib/core/database/database_providers.dart; lib/core/ids/id_generator.dart; lib/core/time/clock.dart; lib/features/catalogs/domain/catalog_normalizer.dart; lib/features/sync/application/sync_providers.dart; lib/features/sync/data/sync_change_tracking.dart; lib/features/sync/domain/sync_models.dart","6: lib/features/games/presentation/game_form_page.dart; lib/features/library/presentation/game_list_page.dart; test/features/catalogs/catalog_repository_test.dart; test/features/games/presentation/game_form_page_test.dart; test/features/library/presentation/game_list_page_test.dart; test/features/sync/data/sync_foundation_test.dart","repository is coupled to SyncAwareTransaction and Drift","simplificar","","test/features/catalogs/catalog_repository_test.dart; test/features/games/presentation/game_form_page_test.dart; test/features/library/presentation/game_list_page_test.dart; test/features/sync/data/sync_foundation_test.dart","bajo","Baseline badbaa8; lines=371."
"lib/features/catalogs/domain/catalog_normalizer.dart",".dart","2211","89","source","catalogs","domain","false","true","catalogs domain model, value object or policy.","repository tooling/configuration","3: lib/features/catalogs/data/catalog_repository.dart; lib/features/import_export/notion_csv/application/build_import_preview_use_case.dart; lib/features/metadata/data/metadata_repository.dart","none observed in E1","mantener","","no direct test import located","bajo","Baseline badbaa8; lines=89."
"lib/features/games/application/game_form_model.dart",".dart","1203","45","source","games","application","false","true","games application state, orchestration or use case.","lib/features/library/domain/game_status.dart; lib/features/library/domain/rating.dart","4: lib/features/games/data/game_repository.dart; lib/features/games/presentation/game_form_page.dart; test/features/games/application/game_form_model_test.dart; test/features/sync/data/sync_foundation_test.dart","none observed in E1","mantener","","test/features/games/application/game_form_model_test.dart; test/features/sync/data/sync_foundation_test.dart","bajo","Baseline badbaa8; lines=45."
"lib/features/games/application/game_progress_summary.dart",".dart","1829","59","source","games","application","false","true","games application state, orchestration or use case.","lib/core/database/app_database.dart; lib/features/games/application/library_game_details.dart; lib/features/playthroughs/domain/playthrough_status.dart","2: lib/features/games/presentation/game_detail_page.dart; test/features/games/data/game_progress_repository_test.dart","none observed in E1","mantener","","test/features/games/data/game_progress_repository_test.dart","bajo","Baseline badbaa8; lines=59."
"lib/features/games/application/library_game_details.dart",".dart","461","19","source","games","application","false","true","games application state, orchestration or use case.","lib/core/database/app_database.dart","12: lib/features/games/application/game_progress_summary.dart; lib/features/games/data/game_repository.dart; lib/features/games/presentation/game_detail_page.dart; lib/features/games/presentation/game_form_page.dart; lib/features/media/presentation/media_search_dialog.dart; lib/features/metadata/application/build_metadata_diff_use_case.dart; lib/features/metadata/presentation/metadata_search_dialog.dart; test/features/games/presentation/game_detail_page_test.dart; test/features/games/presentation/game_form_page_test.dart; test/features/media/presentation/media_search_dialog_test.dart; test/features/metadata/application/metadata_diff_test.dart; test/features/metadata/presentation/metadata_search_dialog_test.dart","none observed in E1","mover","lib/features/games/domain/library_game_details.dart","test/features/games/presentation/game_detail_page_test.dart; test/features/games/presentation/game_form_page_test.dart; test/features/media/presentation/media_search_dialog_test.dart; test/features/metadata/application/metadata_diff_test.dart; test/features/metadata/presentation/metadata_search_dialog_test.dart","bajo","Baseline badbaa8; lines=19."
"lib/features/games/data/game_repository.dart",".dart","25711","730","source","games","data","false","true","games repository/data access and persistence behavior.","drift; flutter_riverpod; lib/core/database/app_database.dart; lib/core/database/database_providers.dart; lib/core/errors/app_exception.dart; lib/core/ids/id_generator.dart; lib/core/time/clock.dart; lib/features/games/application/game_form_model.dart; lib/features/games/application/library_game_details.dart; lib/features/library/domain/game_status.dart; lib/features/playthroughs/application/completion_form_model.dart; lib/features/playthroughs/application/playthrough_form_model.dart; lib/features/playthroughs/domain/playthrough_status.dart; lib/features/sync/application/sync_providers.dart; lib/features/sync/data/sync_change_tracking.dart; lib/features/sync/domain/sync_models.dart","9: lib/features/games/presentation/game_detail_page.dart; lib/features/games/presentation/game_form_page.dart; lib/features/library/presentation/game_list_page.dart; test/features/games/data/game_progress_realistic_import_test.dart; test/features/games/data/game_progress_repository_test.dart; test/features/games/data/game_repository_bulk_delete_test.dart; test/features/games/presentation/game_detail_page_test.dart; test/features/games/presentation/game_form_page_test.dart; test/features/sync/data/sync_foundation_test.dart","repository is coupled to SyncAwareTransaction and Drift","dividir","lib/features/games/data/game_repository.dart + lib/features/playthroughs/data/playthrough_repository.dart","test/features/games/data/game_progress_realistic_import_test.dart; test/features/games/data/game_progress_repository_test.dart; test/features/games/data/game_repository_bulk_delete_test.dart; test/features/games/presentation/game_detail_page_test.dart; test/features/games/presentation/game_form_page_test.dart; test/features/sync/data/sync_foundation_test.dart","alto","Baseline badbaa8; lines=730."
"lib/features/games/presentation/game_detail_page.dart",".dart","43978","1324","source","games","presentation","false","true","games UI screen, dialog or reusable widget.","flutter; flutter_riverpod; go_router; lib/core/database/app_database.dart; lib/core/design_system/bv_breakpoints.dart; lib/core/design_system/bv_chip.dart; lib/core/design_system/bv_empty_state.dart; lib/core/design_system/bv_panel.dart; lib/core/design_system/bv_section.dart; lib/core/design_system/bv_spacing.dart; lib/core/design_system/bv_stat_card.dart; lib/core/design_system/bv_surface.dart; lib/core/design_system/bv_theme_extension.dart; lib/core/design_system/bv_tokens.dart; lib/core/formatting/date_formatters.dart; lib/features/games/application/game_progress_summary.dart; lib/features/games/application/library_game_details.dart; lib/features/games/data/game_repository.dart; lib/features/library/data/library_query_repository.dart; lib/features/library/domain/game_status.dart; lib/features/library/domain/rating.dart; lib/features/library/presentation/widgets/library_cover_thumbnail.dart; lib/features/media/application/media_providers.dart; lib/features/media/presentation/media_search_dialog.dart; lib/features/metadata/presentation/metadata_search_dialog.dart; lib/features/playthroughs/application/completion_form_model.dart; lib/features/playthroughs/application/playthrough_form_model.dart; lib/features/playthroughs/domain/playthrough_status.dart; lib/l10n/domain_localizations.dart; lib/l10n/l10n.dart","2: lib/app/router.dart; test/features/games/presentation/game_detail_page_test.dart","monolithic file over 1,000 lines; mixed responsibilities","dividir","lib/features/games/presentation/detail/ + application/game_detail_view_model.dart","test/features/games/presentation/game_detail_page_test.dart","medio","Baseline badbaa8; lines=1324."
"lib/features/games/presentation/game_form_page.dart",".dart","58726","1522","source","games","presentation","false","true","games UI screen, dialog or reusable widget.","flutter; flutter_riverpod; go_router; lib/core/database/app_database.dart; lib/core/design_system/bv_breakpoints.dart; lib/core/design_system/bv_chip.dart; lib/core/design_system/bv_empty_state.dart; lib/core/design_system/bv_panel.dart; lib/core/design_system/bv_section.dart; lib/core/design_system/bv_spacing.dart; lib/core/design_system/bv_surface.dart; lib/core/design_system/bv_theme_extension.dart; lib/core/formatting/date_formatters.dart; lib/core/privacy/privacy_redactor.dart; lib/core/widgets/dropdown_value_guard.dart; lib/features/catalogs/data/catalog_repository.dart; lib/features/games/application/game_form_model.dart; lib/features/games/application/library_game_details.dart; lib/features/games/data/game_repository.dart; lib/features/library/domain/game_status.dart; lib/features/media/application/media_providers.dart; lib/features/media/data/igdb_media_provider.dart; lib/features/media/domain/media_asset_models.dart; lib/features/metadata/application/get_metadata_details_use_case.dart; lib/features/metadata/application/metadata_providers.dart; lib/features/metadata/application/search_metadata_use_case.dart; lib/features/metadata/domain/external_game_details.dart; lib/features/metadata/domain/metadata_field.dart; lib/features/metadata/domain/metadata_provider.dart; lib/features/metadata/domain/metadata_search_candidate.dart; lib/features/playthroughs/application/completion_form_model.dart; lib/l10n/domain_localizations.dart; lib/l10n/l10n.dart","2: lib/app/router.dart; test/features/games/presentation/game_form_page_test.dart","monolithic file over 1,000 lines; mixed responsibilities","dividir","lib/features/games/presentation/form/ + application/game_form_view_model.dart","test/features/games/presentation/game_form_page_test.dart","medio","Baseline badbaa8; lines=1522."
"lib/features/import_export/notion_csv/application/build_import_preview_use_case.dart",".dart","6815","213","source","import_export","application","false","true","import_export application state, orchestration or use case.","lib/features/catalogs/domain/catalog_normalizer.dart; lib/features/import_export/notion_csv/application/csv_normalizer.dart; lib/features/import_export/notion_csv/application/duplicate_detector.dart; lib/features/import_export/notion_csv/domain/csv_column_mapping.dart; lib/features/import_export/notion_csv/domain/csv_document.dart; lib/features/import_export/notion_csv/domain/existing_game_summary.dart; lib/features/import_export/notion_csv/domain/import_field.dart; lib/features/import_export/notion_csv/domain/import_issue.dart; lib/features/import_export/notion_csv/domain/import_preview.dart; lib/features/import_export/notion_csv/domain/normalized_import_row.dart; lib/features/library/domain/game_status.dart; lib/features/playthroughs/domain/playthrough_status.dart","6: lib/features/import_export/notion_csv/application/notion_csv_import_providers.dart; lib/features/import_export/notion_csv/data/notion_csv_import_repository.dart; test/features/games/data/game_progress_realistic_import_test.dart; test/features/import_export/notion_csv/notion_csv_import_repository_test.dart; test/features/import_export/notion_csv/preview_and_duplicates_test.dart; test/features/library/data/library_table_realistic_import_test.dart","none observed in E1","mantener","","test/features/games/data/game_progress_realistic_import_test.dart; test/features/import_export/notion_csv/notion_csv_import_repository_test.dart; test/features/import_export/notion_csv/preview_and_duplicates_test.dart; test/features/library/data/library_table_realistic_import_test.dart","bajo","Baseline badbaa8; lines=213."
"lib/features/import_export/notion_csv/application/csv_normalizer.dart",".dart","7106","264","source","import_export","application","false","true","import_export application state, orchestration or use case.","lib/features/import_export/notion_csv/domain/import_issue.dart; lib/features/library/domain/game_status.dart","2: lib/features/import_export/notion_csv/application/build_import_preview_use_case.dart; test/features/import_export/notion_csv/mapping_and_normalizer_test.dart","none observed in E1","mantener","","test/features/import_export/notion_csv/mapping_and_normalizer_test.dart","bajo","Baseline badbaa8; lines=264."
"lib/features/import_export/notion_csv/application/detect_notion_csv_mapping_use_case.dart",".dart","2088","66","source","import_export","application","false","true","import_export application state, orchestration or use case.","lib/features/import_export/notion_csv/domain/csv_column_mapping.dart; lib/features/import_export/notion_csv/domain/import_field.dart","6: lib/features/import_export/notion_csv/application/notion_csv_import_providers.dart; test/features/games/data/game_progress_realistic_import_test.dart; test/features/import_export/notion_csv/mapping_and_normalizer_test.dart; test/features/import_export/notion_csv/notion_csv_import_repository_test.dart; test/features/import_export/notion_csv/preview_and_duplicates_test.dart; test/features/library/data/library_table_realistic_import_test.dart","none observed in E1","mantener","","test/features/games/data/game_progress_realistic_import_test.dart; test/features/import_export/notion_csv/mapping_and_normalizer_test.dart; test/features/import_export/notion_csv/notion_csv_import_repository_test.dart; test/features/import_export/notion_csv/preview_and_duplicates_test.dart; test/features/library/data/library_table_realistic_import_test.dart","bajo","Baseline badbaa8; lines=66."
"lib/features/import_export/notion_csv/application/duplicate_detector.dart",".dart","2432","79","source","import_export","application","false","true","import_export application state, orchestration or use case.","lib/features/import_export/notion_csv/domain/duplicate_candidate.dart; lib/features/import_export/notion_csv/domain/existing_game_summary.dart; lib/features/import_export/notion_csv/domain/normalized_import_row.dart","2: lib/features/import_export/notion_csv/application/build_import_preview_use_case.dart; lib/features/import_export/notion_csv/data/notion_csv_import_repository.dart","none observed in E1","mantener","","no direct test import located","bajo","Baseline badbaa8; lines=79."
"lib/features/import_export/notion_csv/application/import_notion_csv_use_case.dart",".dart","368","13","source","import_export","application","false","true","import_export application state, orchestration or use case.","lib/features/import_export/notion_csv/data/notion_csv_import_repository.dart; lib/features/import_export/notion_csv/domain/import_preview.dart; lib/features/import_export/notion_csv/domain/import_result.dart","1: lib/features/import_export/notion_csv/application/notion_csv_import_providers.dart","none observed in E1","mantener","","no direct test import located","bajo","Baseline badbaa8; lines=13."
"lib/features/import_export/notion_csv/application/notion_csv_import_providers.dart",".dart","1184","36","source","import_export","application","false","true","import_export application adapter/service or dependency composition.","flutter_riverpod; lib/features/import_export/notion_csv/application/build_import_preview_use_case.dart; lib/features/import_export/notion_csv/application/detect_notion_csv_mapping_use_case.dart; lib/features/import_export/notion_csv/application/import_notion_csv_use_case.dart; lib/features/import_export/notion_csv/application/parse_csv_file_use_case.dart; lib/features/import_export/notion_csv/data/csv_file_picker_service.dart; lib/features/import_export/notion_csv/data/csv_parser.dart; lib/features/import_export/notion_csv/data/notion_csv_import_repository.dart","1: lib/features/import_export/notion_csv/presentation/import_notion_csv_page.dart","none observed in E1","mantener","","no direct test import located","bajo","Baseline badbaa8; lines=36."
"lib/features/import_export/notion_csv/application/parse_csv_file_use_case.dart",".dart","483","23","source","import_export","application","false","true","import_export application state, orchestration or use case.","dart:typed_data; lib/features/import_export/notion_csv/data/csv_parser.dart; lib/features/import_export/notion_csv/domain/csv_document.dart","1: lib/features/import_export/notion_csv/application/notion_csv_import_providers.dart","none observed in E1","mantener","","no direct test import located","bajo","Baseline badbaa8; lines=23."
"lib/features/import_export/notion_csv/data/csv_file_picker_service.dart",".dart","1079","45","source","import_export","data","false","true","import_export data adapter/service or dependency composition.","dart:io; dart:typed_data; file_picker","1: lib/features/import_export/notion_csv/application/notion_csv_import_providers.dart","none observed in E1","mantener","","no direct test import located","bajo","Baseline badbaa8; lines=45."
"lib/features/import_export/notion_csv/data/csv_parser.dart",".dart","3933","144","source","import_export","data","false","true","import_export data component.","csv; dart:convert; dart:typed_data; lib/features/import_export/notion_csv/domain/csv_document.dart","7: lib/features/import_export/notion_csv/application/notion_csv_import_providers.dart; lib/features/import_export/notion_csv/application/parse_csv_file_use_case.dart; test/features/games/data/game_progress_realistic_import_test.dart; test/features/import_export/notion_csv/csv_parser_test.dart; test/features/import_export/notion_csv/notion_csv_import_repository_test.dart; test/features/import_export/notion_csv/preview_and_duplicates_test.dart; test/features/library/data/library_table_realistic_import_test.dart","none observed in E1","mantener","","test/features/games/data/game_progress_realistic_import_test.dart; test/features/import_export/notion_csv/csv_parser_test.dart; test/features/import_export/notion_csv/notion_csv_import_repository_test.dart; test/features/import_export/notion_csv/preview_and_duplicates_test.dart; test/features/library/data/library_table_realistic_import_test.dart","bajo","Baseline badbaa8; lines=144."
"lib/features/import_export/notion_csv/data/notion_csv_import_repository.dart",".dart","9768","297","source","import_export","data","false","true","import_export repository/data access and persistence behavior.","drift; flutter_riverpod; lib/core/database/app_database.dart; lib/core/database/database_providers.dart; lib/core/ids/id_generator.dart; lib/core/time/clock.dart; lib/features/import_export/notion_csv/application/build_import_preview_use_case.dart; lib/features/import_export/notion_csv/application/duplicate_detector.dart; lib/features/import_export/notion_csv/domain/existing_game_summary.dart; lib/features/import_export/notion_csv/domain/import_preview.dart; lib/features/import_export/notion_csv/domain/import_result.dart; lib/features/import_export/notion_csv/domain/normalized_import_row.dart; lib/features/playthroughs/domain/playthrough_status.dart; lib/features/sync/application/sync_providers.dart; lib/features/sync/data/sync_change_tracking.dart; lib/features/sync/domain/sync_models.dart","7: lib/features/import_export/notion_csv/application/import_notion_csv_use_case.dart; lib/features/import_export/notion_csv/application/notion_csv_import_providers.dart; lib/features/import_export/notion_csv/presentation/import_notion_csv_page.dart; test/features/games/data/game_progress_realistic_import_test.dart; test/features/import_export/notion_csv/notion_csv_import_repository_test.dart; test/features/library/data/library_table_realistic_import_test.dart; test/features/sync/data/sync_foundation_test.dart","repository is coupled to SyncAwareTransaction and Drift","simplificar","","test/features/games/data/game_progress_realistic_import_test.dart; test/features/import_export/notion_csv/notion_csv_import_repository_test.dart; test/features/library/data/library_table_realistic_import_test.dart; test/features/sync/data/sync_foundation_test.dart","bajo","Baseline badbaa8; lines=297."
"lib/features/import_export/notion_csv/domain/csv_column_mapping.dart",".dart","791","28","source","import_export","domain","false","true","import_export domain model, value object or policy.","lib/features/import_export/notion_csv/domain/import_field.dart","3: lib/features/import_export/notion_csv/application/build_import_preview_use_case.dart; lib/features/import_export/notion_csv/application/detect_notion_csv_mapping_use_case.dart; lib/features/import_export/notion_csv/presentation/import_notion_csv_page.dart","none observed in E1","mantener","","no direct test import located","bajo","Baseline badbaa8; lines=28."
"lib/features/import_export/notion_csv/domain/csv_document.dart",".dart","616","29","source","import_export","domain","false","true","import_export domain model, value object or policy.","repository tooling/configuration","4: lib/features/import_export/notion_csv/application/build_import_preview_use_case.dart; lib/features/import_export/notion_csv/application/parse_csv_file_use_case.dart; lib/features/import_export/notion_csv/data/csv_parser.dart; lib/features/import_export/notion_csv/presentation/import_notion_csv_page.dart","none observed in E1","mantener","","no direct test import located","bajo","Baseline badbaa8; lines=29."
"lib/features/import_export/notion_csv/domain/duplicate_candidate.dart",".dart","311","15","source","import_export","domain","false","true","import_export domain model, value object or policy.","repository tooling/configuration","2: lib/features/import_export/notion_csv/application/duplicate_detector.dart; lib/features/import_export/notion_csv/domain/normalized_import_row.dart","none observed in E1","mantener","","no direct test import located","bajo","Baseline badbaa8; lines=15."
"lib/features/import_export/notion_csv/domain/existing_game_summary.dart",".dart","232","11","source","import_export","domain","false","true","import_export domain model, value object or policy.","repository tooling/configuration","4: lib/features/import_export/notion_csv/application/build_import_preview_use_case.dart; lib/features/import_export/notion_csv/application/duplicate_detector.dart; lib/features/import_export/notion_csv/data/notion_csv_import_repository.dart; test/features/import_export/notion_csv/preview_and_duplicates_test.dart","none observed in E1","mantener","","test/features/import_export/notion_csv/preview_and_duplicates_test.dart","bajo","Baseline badbaa8; lines=11."
"lib/features/import_export/notion_csv/domain/import_field.dart",".dart","714","29","source","import_export","domain","false","true","import_export domain model, value object or policy.","repository tooling/configuration","6: lib/features/import_export/notion_csv/application/build_import_preview_use_case.dart; lib/features/import_export/notion_csv/application/detect_notion_csv_mapping_use_case.dart; lib/features/import_export/notion_csv/domain/csv_column_mapping.dart; lib/features/import_export/notion_csv/presentation/import_notion_csv_page.dart; lib/l10n/domain_localizations.dart; test/features/import_export/notion_csv/mapping_and_normalizer_test.dart","none observed in E1","mantener","","test/features/import_export/notion_csv/mapping_and_normalizer_test.dart","bajo","Baseline badbaa8; lines=29."
"lib/features/import_export/notion_csv/domain/import_issue.dart",".dart","385","16","source","import_export","domain","false","true","import_export domain model, value object or policy.","repository tooling/configuration","4: lib/features/import_export/notion_csv/application/build_import_preview_use_case.dart; lib/features/import_export/notion_csv/application/csv_normalizer.dart; lib/features/import_export/notion_csv/domain/normalized_import_row.dart; test/features/import_export/notion_csv/mapping_and_normalizer_test.dart","none observed in E1","mantener","","test/features/import_export/notion_csv/mapping_and_normalizer_test.dart","bajo","Baseline badbaa8; lines=16."
"lib/features/import_export/notion_csv/domain/import_preview.dart",".dart","723","22","source","import_export","domain","false","true","import_export domain model, value object or policy.","lib/features/import_export/notion_csv/domain/normalized_import_row.dart","6: lib/features/import_export/notion_csv/application/build_import_preview_use_case.dart; lib/features/import_export/notion_csv/application/import_notion_csv_use_case.dart; lib/features/import_export/notion_csv/data/notion_csv_import_repository.dart; lib/features/import_export/notion_csv/presentation/import_notion_csv_page.dart; test/features/import_export/notion_csv/notion_csv_import_repository_test.dart; test/features/sync/data/sync_foundation_test.dart","none observed in E1","mantener","","test/features/import_export/notion_csv/notion_csv_import_repository_test.dart; test/features/sync/data/sync_foundation_test.dart","bajo","Baseline badbaa8; lines=22."
"lib/features/import_export/notion_csv/domain/import_result.dart",".dart","435","17","source","import_export","domain","false","true","import_export domain model, value object or policy.","repository tooling/configuration","3: lib/features/import_export/notion_csv/application/import_notion_csv_use_case.dart; lib/features/import_export/notion_csv/data/notion_csv_import_repository.dart; lib/features/import_export/notion_csv/presentation/import_notion_csv_page.dart","none observed in E1","mantener","","no direct test import located","bajo","Baseline badbaa8; lines=17."
"lib/features/import_export/notion_csv/domain/normalized_import_row.dart",".dart","2069","70","source","import_export","domain","false","true","import_export domain model, value object or policy.","lib/features/import_export/notion_csv/domain/duplicate_candidate.dart; lib/features/import_export/notion_csv/domain/import_issue.dart; lib/features/library/domain/game_status.dart","6: lib/features/import_export/notion_csv/application/build_import_preview_use_case.dart; lib/features/import_export/notion_csv/application/duplicate_detector.dart; lib/features/import_export/notion_csv/data/notion_csv_import_repository.dart; lib/features/import_export/notion_csv/domain/import_preview.dart; lib/features/import_export/notion_csv/presentation/import_notion_csv_page.dart; test/features/sync/data/sync_foundation_test.dart","none observed in E1","mantener","","test/features/sync/data/sync_foundation_test.dart","bajo","Baseline badbaa8; lines=70."
"lib/features/import_export/notion_csv/presentation/import_notion_csv_page.dart",".dart","19249","584","source","import_export","presentation","false","true","import_export UI screen, dialog or reusable widget.","flutter; flutter_riverpod; go_router; lib/core/design_system/bv_chip.dart; lib/core/design_system/bv_empty_state.dart; lib/core/design_system/bv_page_scaffold.dart; lib/core/design_system/bv_spacing.dart; lib/core/design_system/bv_status_banner.dart; lib/core/design_system/bv_surface.dart; lib/core/design_system/bv_wizard_step.dart; lib/core/formatting/date_formatters.dart; lib/features/import_export/notion_csv/application/notion_csv_import_providers.dart; lib/features/import_export/notion_csv/data/notion_csv_import_repository.dart; lib/features/import_export/notion_csv/domain/csv_column_mapping.dart; lib/features/import_export/notion_csv/domain/csv_document.dart; lib/features/import_export/notion_csv/domain/import_field.dart; lib/features/import_export/notion_csv/domain/import_preview.dart; lib/features/import_export/notion_csv/domain/import_result.dart; lib/features/import_export/notion_csv/domain/normalized_import_row.dart; lib/features/library/domain/game_status.dart; lib/features/library/domain/rating.dart; lib/l10n/domain_localizations.dart; lib/l10n/l10n.dart","2: lib/app/router.dart; test/features/import_export/notion_csv/presentation/import_notion_csv_page_test.dart","large file over 500 lines; review cohesion and split","dividir","","test/features/import_export/notion_csv/presentation/import_notion_csv_page_test.dart","medio","Baseline badbaa8; lines=584."
"lib/features/library/application/library_default_views.dart",".dart","1741","61","source","library","application","false","true","library application state, orchestration or use case.","lib/features/library/application/library_table_state.dart; lib/features/library/domain/game_status.dart; lib/features/library/domain/library_column_config.dart; lib/features/library/domain/library_filter_state.dart; lib/features/library/domain/library_game_row.dart; lib/features/library/domain/library_sort_state.dart; lib/features/library/domain/saved_library_view.dart","3: lib/features/library/presentation/game_list_page.dart; test/features/library/application/library_table_processor_test.dart; test/features/library/data/library_table_realistic_import_test.dart","none observed in E1","mantener","","test/features/library/application/library_table_processor_test.dart; test/features/library/data/library_table_realistic_import_test.dart","bajo","Baseline badbaa8; lines=61."
"lib/features/library/application/library_home_summary.dart",".dart","3242","98","source","library","application","false","true","library application state, orchestration or use case.","lib/features/library/domain/game_status.dart; lib/features/library/domain/library_game_row.dart","2: lib/features/library/presentation/home_page.dart; test/features/library/application/library_home_summary_test.dart","none observed in E1","mantener","","test/features/library/application/library_home_summary_test.dart","bajo","Baseline badbaa8; lines=98."
"lib/features/library/application/library_responsive_layout.dart",".dart","582","16","source","library","application","false","true","library application state, orchestration or use case.","lib/core/design_system/bv_breakpoints.dart; lib/features/library/domain/library_layout_mode.dart","2: lib/features/library/presentation/game_list_page.dart; test/features/library/application/library_responsive_layout_test.dart","none observed in E1","mantener","","test/features/library/application/library_responsive_layout_test.dart","bajo","Baseline badbaa8; lines=16."
"lib/features/library/application/library_table_processor.dart",".dart","6102","192","source","library","application","false","true","library application state, orchestration or use case.","lib/features/library/domain/game_status.dart; lib/features/library/domain/library_filter_state.dart; lib/features/library/domain/library_game_row.dart; lib/features/library/domain/library_sort_state.dart; lib/features/library/domain/library_table_summary.dart","3: lib/features/library/application/library_table_providers.dart; test/features/library/application/library_table_processor_test.dart; test/features/library/data/library_table_realistic_import_test.dart","none observed in E1","mantener","","test/features/library/application/library_table_processor_test.dart; test/features/library/data/library_table_realistic_import_test.dart","bajo","Baseline badbaa8; lines=192."
"lib/features/library/application/library_table_providers.dart",".dart","1021","37","source","library","application","false","true","library application adapter/service or dependency composition.","flutter_riverpod; lib/features/library/application/library_table_processor.dart; lib/features/library/application/library_table_state.dart; lib/features/library/domain/library_layout_mode.dart","2: lib/features/library/presentation/game_list_page.dart; test/features/library/application/library_layout_mode_test.dart","none observed in E1","mantener","","test/features/library/application/library_layout_mode_test.dart","bajo","Baseline badbaa8; lines=37."
"lib/features/library/application/library_table_state.dart",".dart","1489","56","source","library","application","false","true","library application state, orchestration or use case.","lib/features/library/domain/library_column_config.dart; lib/features/library/domain/library_filter_state.dart; lib/features/library/domain/library_sort_state.dart; lib/features/library/domain/saved_library_view.dart","3: lib/features/library/application/library_default_views.dart; lib/features/library/application/library_table_providers.dart; lib/features/library/presentation/game_list_page.dart","none observed in E1","mantener","","no direct test import located","bajo","Baseline badbaa8; lines=56."
"lib/features/library/data/library_query_repository.dart",".dart","8053","234","source","library","data","false","true","library repository/data access and persistence behavior.","drift; flutter_riverpod; lib/core/database/app_database.dart; lib/core/database/database_providers.dart; lib/features/library/domain/game_status.dart; lib/features/library/domain/library_game_row.dart","15: lib/features/backup_restore/data/export_repository.dart; lib/features/bulk_metadata_import/presentation/bulk_metadata_import_page.dart; lib/features/games/presentation/game_detail_page.dart; lib/features/library/presentation/game_list_page.dart; lib/features/library/presentation/home_page.dart; lib/features/statistics/presentation/statistics_page.dart; test/features/backup_restore/backup_restore_service_test.dart; test/features/bulk_metadata_import/presentation/bulk_metadata_import_page_test.dart; test/features/games/data/game_progress_realistic_import_test.dart; test/features/games/data/game_progress_repository_test.dart; test/features/library/data/library_query_repository_test.dart; test/features/library/data/library_table_realistic_import_test.dart; test/features/library/presentation/game_list_page_test.dart; test/features/library/presentation/home_page_test.dart; test/features/statistics/presentation/statistics_page_test.dart","repository is coupled to SyncAwareTransaction and Drift","simplificar","","test/features/backup_restore/backup_restore_service_test.dart; test/features/bulk_metadata_import/presentation/bulk_metadata_import_page_test.dart; test/features/games/data/game_progress_realistic_import_test.dart; test/features/games/data/game_progress_repository_test.dart; test/features/library/data/library_query_repository_test.dart; test/features/library/data/library_table_realistic_import_test.dart; test/features/library/presentation/game_list_page_test.dart; test/features/library/presentation/home_page_test.dart; test/features/statistics/presentation/statistics_page_test.dart","bajo","Baseline badbaa8; lines=234."
"lib/features/library/data/saved_library_view_repository.dart",".dart","4716","143","source","library","data","false","true","library repository/data access and persistence behavior.","dart:convert; drift; flutter_riverpod; lib/core/database/app_database.dart; lib/core/database/database_providers.dart; lib/core/ids/id_generator.dart; lib/core/time/clock.dart; lib/features/library/domain/library_column_config.dart; lib/features/library/domain/library_filter_state.dart; lib/features/library/domain/library_sort_state.dart; lib/features/library/domain/saved_library_view.dart; lib/features/sync/application/sync_providers.dart; lib/features/sync/data/sync_change_tracking.dart; lib/features/sync/domain/sync_models.dart","4: lib/features/library/presentation/game_list_page.dart; test/features/library/data/saved_library_view_repository_test.dart; test/features/library/presentation/game_list_page_test.dart; test/features/sync/data/sync_foundation_test.dart","repository is coupled to SyncAwareTransaction and Drift","simplificar","","test/features/library/data/saved_library_view_repository_test.dart; test/features/library/presentation/game_list_page_test.dart; test/features/sync/data/sync_foundation_test.dart","bajo","Baseline badbaa8; lines=143."
"lib/features/library/domain/game_status.dart",".dart","1644","66","source","library","domain","false","true","library domain model, value object or policy.","repository tooling/configuration","50: lib/features/backup_restore/data/export_repository.dart; lib/features/games/application/game_form_model.dart; lib/features/games/data/game_repository.dart; lib/features/games/presentation/game_detail_page.dart; lib/features/games/presentation/game_form_page.dart; lib/features/import_export/notion_csv/application/build_import_preview_use_case.dart; lib/features/import_export/notion_csv/application/csv_normalizer.dart; lib/features/import_export/notion_csv/domain/normalized_import_row.dart; lib/features/import_export/notion_csv/presentation/import_notion_csv_page.dart; lib/features/library/application/library_default_views.dart; lib/features/library/application/library_home_summary.dart; lib/features/library/application/library_table_processor.dart; lib/features/library/data/library_query_repository.dart; lib/features/library/domain/library_filter_state.dart; lib/features/library/domain/library_game_row.dart; lib/features/library/domain/library_table_summary.dart; lib/features/library/presentation/game_list_page.dart; lib/features/library/presentation/widgets/library_catalog_widgets.dart; lib/features/statistics/application/library_statistics_calculator.dart; lib/features/statistics/domain/statistics_models.dart; lib/features/statistics/presentation/statistics_page.dart; lib/l10n/domain_localizations.dart; test/features/backup_restore/backup_restore_service_test.dart; test/features/bulk_metadata_import/application/bulk_metadata_import_test.dart; test/features/bulk_metadata_import/presentation/bulk_metadata_import_page_test.dart; test/features/games/application/game_form_model_test.dart; test/features/games/data/game_progress_realistic_import_test.dart; test/features/games/data/game_progress_repository_test.dart; test/features/games/presentation/game_detail_page_test.dart; test/features/games/presentation/game_form_page_test.dart; test/features/import_export/notion_csv/mapping_and_normalizer_test.dart; test/features/import_export/notion_csv/notion_csv_import_repository_test.dart; test/features/import_export/notion_csv/preview_and_duplicates_test.dart; test/features/library/application/library_home_summary_test.dart; test/features/library/application/library_table_processor_test.dart; test/features/library/data/library_query_repository_test.dart; test/features/library/data/library_table_realistic_import_test.dart; test/features/library/data/saved_library_view_repository_test.dart; test/features/library/domain/game_status_test.dart; test/features/library/presentation/game_list_page_test.dart; test/features/library/presentation/home_page_test.dart; test/features/library/presentation/library_catalog_widgets_test.dart; test/features/library/presentation/library_row_actions_test.dart; test/features/media/presentation/media_search_dialog_test.dart; test/features/metadata/application/metadata_diff_test.dart; test/features/metadata/data/metadata_repository_test.dart; test/features/metadata/presentation/metadata_search_dialog_test.dart; test/features/statistics/application/library_statistics_calculator_test.dart; test/features/statistics/presentation/statistics_page_test.dart; test/features/sync/data/sync_foundation_test.dart","none observed in E1","mantener","","test/features/backup_restore/backup_restore_service_test.dart; test/features/bulk_metadata_import/application/bulk_metadata_import_test.dart; test/features/bulk_metadata_import/presentation/bulk_metadata_import_page_test.dart; test/features/games/application/game_form_model_test.dart; test/features/games/data/game_progress_realistic_import_test.dart; test/features/games/data/game_progress_repository_test.dart; test/features/games/presentation/game_detail_page_test.dart; test/features/games/presentation/game_form_page_test.dart; test/features/import_export/notion_csv/mapping_and_normalizer_test.dart; test/features/import_export/notion_csv/notion_csv_import_repository_test.dart; test/features/import_export/notion_csv/preview_and_duplicates_test.dart; test/features/library/application/library_home_summary_test.dart; test/features/library/application/library_table_processor_test.dart; test/features/library/data/library_query_repository_test.dart; test/features/library/data/library_table_realistic_import_test.dart; test/features/library/data/saved_library_view_repository_test.dart; test/features/library/domain/game_status_test.dart; test/features/library/presentation/game_list_page_test.dart; test/features/library/presentation/home_page_test.dart; test/features/library/presentation/library_catalog_widgets_test.dart; test/features/library/presentation/library_row_actions_test.dart; test/features/media/presentation/media_search_dialog_test.dart; test/features/metadata/application/metadata_diff_test.dart; test/features/metadata/data/metadata_repository_test.dart; test/features/metadata/presentation/metadata_search_dialog_test.dart; test/features/statistics/application/library_statistics_calculator_test.dart; test/features/statistics/presentation/statistics_page_test.dart; test/features/sync/data/sync_foundation_test.dart","bajo","Baseline badbaa8; lines=66."
"lib/features/library/domain/library_column_config.dart",".dart","3183","108","source","library","domain","false","true","library domain model, value object or policy.","repository tooling/configuration","9: lib/features/library/application/library_default_views.dart; lib/features/library/application/library_table_state.dart; lib/features/library/data/saved_library_view_repository.dart; lib/features/library/domain/saved_library_view.dart; lib/features/library/presentation/game_list_page.dart; lib/l10n/domain_localizations.dart; test/features/library/application/library_table_processor_test.dart; test/features/library/data/saved_library_view_repository_test.dart; test/features/sync/data/sync_foundation_test.dart","none observed in E1","mantener","","test/features/library/application/library_table_processor_test.dart; test/features/library/data/saved_library_view_repository_test.dart; test/features/sync/data/sync_foundation_test.dart","bajo","Baseline badbaa8; lines=108."
"lib/features/library/domain/library_filter_state.dart",".dart","7348","217","source","library","domain","false","true","library domain model, value object or policy.","lib/features/library/domain/game_status.dart","13: lib/features/library/application/library_default_views.dart; lib/features/library/application/library_table_processor.dart; lib/features/library/application/library_table_state.dart; lib/features/library/data/saved_library_view_repository.dart; lib/features/library/domain/saved_library_view.dart; lib/features/library/presentation/game_list_page.dart; lib/features/library/presentation/widgets/library_catalog_widgets.dart; test/features/library/application/library_layout_mode_test.dart; test/features/library/application/library_table_processor_test.dart; test/features/library/data/library_table_realistic_import_test.dart; test/features/library/data/saved_library_view_repository_test.dart; test/features/library/presentation/library_catalog_widgets_test.dart; test/features/sync/data/sync_foundation_test.dart","none observed in E1","mantener","","test/features/library/application/library_layout_mode_test.dart; test/features/library/application/library_table_processor_test.dart; test/features/library/data/library_table_realistic_import_test.dart; test/features/library/data/saved_library_view_repository_test.dart; test/features/library/presentation/library_catalog_widgets_test.dart; test/features/sync/data/sync_foundation_test.dart","bajo","Baseline badbaa8; lines=217."
"lib/features/library/domain/library_game_row.dart",".dart","1275","50","source","library","domain","false","true","library domain model, value object or policy.","lib/features/library/domain/game_status.dart","28: lib/features/bulk_metadata_import/application/build_bulk_metadata_plan_use_case.dart; lib/features/bulk_metadata_import/application/bulk_cover_plan_resolver.dart; lib/features/bulk_metadata_import/application/bulk_import_scope_filter.dart; lib/features/bulk_metadata_import/application/bulk_match_scorer.dart; lib/features/bulk_metadata_import/application/bulk_metadata_diff_builder.dart; lib/features/bulk_metadata_import/domain/bulk_metadata_import_models.dart; lib/features/bulk_metadata_import/presentation/bulk_metadata_import_page.dart; lib/features/library/application/library_default_views.dart; lib/features/library/application/library_home_summary.dart; lib/features/library/application/library_table_processor.dart; lib/features/library/data/library_query_repository.dart; lib/features/library/domain/library_table_summary.dart; lib/features/library/presentation/game_list_page.dart; lib/features/library/presentation/home_page.dart; lib/features/library/presentation/widgets/library_catalog_widgets.dart; lib/features/statistics/application/library_statistics_calculator.dart; lib/features/statistics/domain/statistics_models.dart; test/features/bulk_metadata_import/application/bulk_metadata_import_test.dart; test/features/bulk_metadata_import/presentation/bulk_metadata_import_page_test.dart; test/features/library/application/library_home_summary_test.dart; test/features/library/application/library_table_processor_test.dart; test/features/library/data/library_table_realistic_import_test.dart; test/features/library/presentation/game_list_page_test.dart; test/features/library/presentation/home_page_test.dart; test/features/library/presentation/library_catalog_widgets_test.dart; test/features/library/presentation/library_row_actions_test.dart; test/features/statistics/application/library_statistics_calculator_test.dart; test/features/statistics/presentation/statistics_page_test.dart","none observed in E1","mantener","","test/features/bulk_metadata_import/application/bulk_metadata_import_test.dart; test/features/bulk_metadata_import/presentation/bulk_metadata_import_page_test.dart; test/features/library/application/library_home_summary_test.dart; test/features/library/application/library_table_processor_test.dart; test/features/library/data/library_table_realistic_import_test.dart; test/features/library/presentation/game_list_page_test.dart; test/features/library/presentation/home_page_test.dart; test/features/library/presentation/library_catalog_widgets_test.dart; test/features/library/presentation/library_row_actions_test.dart; test/features/statistics/application/library_statistics_calculator_test.dart; test/features/statistics/presentation/statistics_page_test.dart","bajo","Baseline badbaa8; lines=50."
"lib/features/library/domain/library_layout_mode.dart",".dart","284","9","source","library","domain","false","true","library domain model, value object or policy.","repository tooling/configuration","6: lib/features/library/application/library_responsive_layout.dart; lib/features/library/application/library_table_providers.dart; lib/features/library/presentation/game_list_page.dart; lib/l10n/domain_localizations.dart; test/features/library/application/library_layout_mode_test.dart; test/features/library/application/library_responsive_layout_test.dart","none observed in E1","mantener","","test/features/library/application/library_layout_mode_test.dart; test/features/library/application/library_responsive_layout_test.dart","bajo","Baseline badbaa8; lines=9."
"lib/features/library/domain/library_sort_state.dart",".dart","1430","58","source","library","domain","false","true","library domain model, value object or policy.","repository tooling/configuration","11: lib/features/library/application/library_default_views.dart; lib/features/library/application/library_table_processor.dart; lib/features/library/application/library_table_state.dart; lib/features/library/data/saved_library_view_repository.dart; lib/features/library/domain/saved_library_view.dart; lib/features/library/presentation/game_list_page.dart; test/features/library/application/library_layout_mode_test.dart; test/features/library/application/library_table_processor_test.dart; test/features/library/data/library_table_realistic_import_test.dart; test/features/library/data/saved_library_view_repository_test.dart; test/features/sync/data/sync_foundation_test.dart","none observed in E1","mantener","","test/features/library/application/library_layout_mode_test.dart; test/features/library/application/library_table_processor_test.dart; test/features/library/data/library_table_realistic_import_test.dart; test/features/library/data/saved_library_view_repository_test.dart; test/features/sync/data/sync_foundation_test.dart","bajo","Baseline badbaa8; lines=58."
"lib/features/library/domain/library_table_summary.dart",".dart","1817","62","source","library","domain","false","true","library domain model, value object or policy.","lib/features/library/domain/game_status.dart; lib/features/library/domain/library_game_row.dart","3: lib/features/library/application/library_table_processor.dart; lib/features/library/presentation/widgets/library_catalog_widgets.dart; test/features/library/presentation/library_catalog_widgets_test.dart","none observed in E1","mantener","","test/features/library/presentation/library_catalog_widgets_test.dart","bajo","Baseline badbaa8; lines=62."
"lib/features/library/domain/rating.dart",".dart","270","10","source","library","domain","false","true","library domain model, value object or policy.","repository tooling/configuration","7: lib/features/games/application/game_form_model.dart; lib/features/games/presentation/game_detail_page.dart; lib/features/import_export/notion_csv/presentation/import_notion_csv_page.dart; lib/features/library/presentation/game_list_page.dart; lib/features/library/presentation/widgets/library_catalog_widgets.dart; lib/features/library/presentation/widgets/rating_stars.dart; test/features/library/domain/rating_test.dart","none observed in E1","mantener","","test/features/library/domain/rating_test.dart","bajo","Baseline badbaa8; lines=10."
"lib/features/library/domain/saved_library_view.dart",".dart","1194","47","source","library","domain","false","true","library domain model, value object or policy.","lib/features/library/domain/library_column_config.dart; lib/features/library/domain/library_filter_state.dart; lib/features/library/domain/library_sort_state.dart","4: lib/features/library/application/library_default_views.dart; lib/features/library/application/library_table_state.dart; lib/features/library/data/saved_library_view_repository.dart; lib/features/library/presentation/game_list_page.dart","none observed in E1","mantener","","no direct test import located","bajo","Baseline badbaa8; lines=47."
"lib/features/library/presentation/game_list_page.dart",".dart","63287","1809","source","library","presentation","false","true","library UI screen, dialog or reusable widget.","data_table_2; flutter; flutter_riverpod; go_router; lib/core/design_system/bv_breakpoints.dart; lib/core/design_system/bv_chip.dart; lib/core/design_system/bv_empty_state.dart; lib/core/design_system/bv_error_state.dart; lib/core/design_system/bv_loading_state.dart; lib/core/design_system/bv_panel.dart; lib/core/design_system/bv_spacing.dart; lib/core/design_system/bv_theme_extension.dart; lib/core/formatting/date_formatters.dart; lib/features/catalogs/data/catalog_repository.dart; lib/features/games/data/game_repository.dart; lib/features/library/application/library_default_views.dart; lib/features/library/application/library_responsive_layout.dart; lib/features/library/application/library_table_providers.dart; lib/features/library/application/library_table_state.dart; lib/features/library/data/library_query_repository.dart; lib/features/library/data/saved_library_view_repository.dart; lib/features/library/domain/game_status.dart; lib/features/library/domain/library_column_config.dart; lib/features/library/domain/library_filter_state.dart; lib/features/library/domain/library_game_row.dart; lib/features/library/domain/library_layout_mode.dart; lib/features/library/domain/library_sort_state.dart; lib/features/library/domain/rating.dart; lib/features/library/domain/saved_library_view.dart; lib/features/library/presentation/widgets/library_catalog_widgets.dart; lib/features/library/presentation/widgets/library_cover_thumbnail.dart; lib/l10n/domain_localizations.dart; lib/l10n/l10n.dart","3: lib/app/router.dart; test/features/library/presentation/game_list_page_test.dart; test/features/library/presentation/library_row_actions_test.dart","monolithic file over 1,000 lines; mixed responsibilities","dividir","lib/features/library/presentation/library_page.dart + widgets/filters,table,gallery + application/library_view_model.dart","test/features/library/presentation/game_list_page_test.dart; test/features/library/presentation/library_row_actions_test.dart","medio","Baseline badbaa8; lines=1809."
"lib/features/library/presentation/home_page.dart",".dart","12305","359","source","library","presentation","false","true","library UI screen, dialog or reusable widget.","flutter; flutter_riverpod; go_router; lib/core/design_system/bv_action_card.dart; lib/core/design_system/bv_chip.dart; lib/core/design_system/bv_empty_state.dart; lib/core/design_system/bv_error_state.dart; lib/core/design_system/bv_loading_state.dart; lib/core/design_system/bv_page_scaffold.dart; lib/core/design_system/bv_panel.dart; lib/core/design_system/bv_section.dart; lib/core/design_system/bv_spacing.dart; lib/core/design_system/bv_stat_card.dart; lib/core/design_system/bv_surface.dart; lib/core/formatting/date_formatters.dart; lib/features/library/application/library_home_summary.dart; lib/features/library/data/library_query_repository.dart; lib/features/library/domain/library_game_row.dart; lib/features/library/presentation/widgets/library_cover_thumbnail.dart; lib/features/library/presentation/widgets/rating_stars.dart; lib/l10n/domain_localizations.dart; lib/l10n/l10n.dart","2: lib/app/router.dart; test/features/library/presentation/home_page_test.dart","review signal: file over 300 lines","mantener","","test/features/library/presentation/home_page_test.dart","medio","Baseline badbaa8; lines=359."
"lib/features/library/presentation/widgets/library_catalog_widgets.dart",".dart","24371","754","source","library","presentation","false","true","library UI screen, dialog or reusable widget.","flutter; go_router; lib/core/design_system/bv_chip.dart; lib/core/design_system/bv_panel.dart; lib/core/design_system/bv_surface.dart; lib/core/design_system/bv_theme_extension.dart; lib/core/design_system/bv_tokens.dart; lib/core/formatting/date_formatters.dart; lib/features/library/domain/game_status.dart; lib/features/library/domain/library_filter_state.dart; lib/features/library/domain/library_game_row.dart; lib/features/library/domain/library_table_summary.dart; lib/features/library/domain/rating.dart; lib/features/library/presentation/widgets/library_cover_thumbnail.dart; lib/l10n/domain_localizations.dart; lib/l10n/l10n.dart","2: lib/features/library/presentation/game_list_page.dart; test/features/library/presentation/library_catalog_widgets_test.dart","large file over 500 lines; review cohesion and split","dividir","","test/features/library/presentation/library_catalog_widgets_test.dart","medio","Baseline badbaa8; lines=754."
"lib/features/library/presentation/widgets/library_cover_thumbnail.dart",".dart","2020","75","source","library","presentation","false","true","library UI screen, dialog or reusable widget.","dart:io; flutter; flutter_riverpod; lib/features/media/data/media_repository.dart","5: lib/features/games/presentation/game_detail_page.dart; lib/features/library/presentation/game_list_page.dart; lib/features/library/presentation/home_page.dart; lib/features/library/presentation/widgets/library_catalog_widgets.dart; test/features/library/presentation/library_cover_thumbnail_test.dart","presentation accesses dart:io/File directly","mantener","","test/features/library/presentation/library_cover_thumbnail_test.dart","medio","Baseline badbaa8; lines=75."
"lib/features/library/presentation/widgets/rating_stars.dart",".dart","543","26","source","library","presentation","false","true","library UI screen, dialog or reusable widget.","flutter; lib/features/library/domain/rating.dart","2: lib/features/library/presentation/home_page.dart; test/features/library/domain/rating_test.dart","none observed in E1","mantener","","test/features/library/domain/rating_test.dart","medio","Baseline badbaa8; lines=26."
"lib/features/media/application/media_providers.dart",".dart","1654","50","source","media","application","false","true","media application adapter/service or dependency composition.","flutter_riverpod; lib/features/media/application/media_use_cases.dart; lib/features/media/data/igdb_media_provider.dart; lib/features/media/data/media_repository.dart; lib/features/media/data/steamgriddb_media_provider.dart; lib/features/media/domain/media_provider.dart; lib/features/metadata/application/metadata_providers.dart; lib/features/metadata/data/metadata_api_key_storage.dart","7: lib/features/bulk_metadata_import/application/bulk_metadata_import_providers.dart; lib/features/games/presentation/game_detail_page.dart; lib/features/games/presentation/game_form_page.dart; lib/features/media/presentation/media_search_dialog.dart; lib/features/metadata/presentation/metadata_search_dialog.dart; test/features/bulk_metadata_import/presentation/bulk_metadata_import_page_test.dart; test/features/media/presentation/media_search_dialog_test.dart","none observed in E1","mantener","","test/features/bulk_metadata_import/presentation/bulk_metadata_import_page_test.dart; test/features/media/presentation/media_search_dialog_test.dart","bajo","Baseline badbaa8; lines=50."
"lib/features/media/application/media_use_cases.dart",".dart","1376","54","source","media","application","false","true","media application state, orchestration or use case.","lib/core/database/app_database.dart; lib/features/media/data/media_repository.dart; lib/features/media/domain/media_asset_models.dart; lib/features/media/domain/media_provider.dart","2: lib/features/media/application/media_providers.dart; lib/features/media/presentation/media_search_dialog.dart","none observed in E1","mantener","","no direct test import located","bajo","Baseline badbaa8; lines=54."
"lib/features/media/data/igdb_media_provider.dart",".dart","4798","148","source","media","data","false","true","media data adapter/service or dependency composition.","http; lib/core/time/clock.dart; lib/features/media/domain/media_asset_models.dart; lib/features/media/domain/media_exception.dart; lib/features/media/domain/media_provider.dart; lib/features/metadata/data/igdb_api_client.dart; lib/features/metadata/data/igdb_auth_client.dart; lib/features/metadata/data/metadata_api_key_storage.dart; lib/features/metadata/domain/external_game_details.dart; lib/features/metadata/domain/metadata_exception.dart","5: lib/features/bulk_metadata_import/application/bulk_cover_plan_resolver.dart; lib/features/games/presentation/game_form_page.dart; lib/features/media/application/media_providers.dart; lib/features/metadata/presentation/metadata_search_dialog.dart; test/features/media/data/igdb_media_provider_test.dart","none observed in E1","mantener","","test/features/media/data/igdb_media_provider_test.dart","bajo","Baseline badbaa8; lines=148."
"lib/features/media/data/media_file_storage.dart",".dart","4724","165","source","media","data","false","true","media data adapter/service or dependency composition.","crypto; dart:convert; dart:io; dart:typed_data; path_provider; lib/features/media/domain/media_exception.dart","7: lib/features/media/data/media_repository.dart; lib/features/sync/data/lan_media_transfer_service.dart; test/features/library/presentation/library_cover_thumbnail_test.dart; test/features/media/data/media_file_storage_test.dart; test/features/media/data/media_repository_test.dart; test/features/sync/data/lan_sync_service_test.dart; test/features/sync/data/sync_foundation_test.dart","none observed in E1","mantener","","test/features/library/presentation/library_cover_thumbnail_test.dart; test/features/media/data/media_file_storage_test.dart; test/features/media/data/media_repository_test.dart; test/features/sync/data/lan_sync_service_test.dart; test/features/sync/data/sync_foundation_test.dart","bajo","Baseline badbaa8; lines=165."
"lib/features/media/data/media_repository.dart",".dart","15212","450","source","media","data","false","true","media repository/data access and persistence behavior.","dart:async; dart:io; dart:typed_data; drift; flutter_riverpod; http; lib/core/database/app_database.dart; lib/core/database/database_providers.dart; lib/core/ids/id_generator.dart; lib/core/time/clock.dart; lib/features/media/data/media_file_storage.dart; lib/features/media/domain/media_asset_models.dart; lib/features/media/domain/media_exception.dart; lib/features/sync/application/sync_providers.dart; lib/features/sync/data/sync_change_tracking.dart; lib/features/sync/domain/sync_models.dart","8: lib/features/library/presentation/widgets/library_cover_thumbnail.dart; lib/features/media/application/media_providers.dart; lib/features/media/application/media_use_cases.dart; lib/features/sync/application/sync_providers.dart; test/features/games/presentation/game_detail_page_test.dart; test/features/library/presentation/library_cover_thumbnail_test.dart; test/features/media/data/media_repository_test.dart; test/features/sync/data/sync_foundation_test.dart","repository is coupled to SyncAwareTransaction and Drift","simplificar","","test/features/games/presentation/game_detail_page_test.dart; test/features/library/presentation/library_cover_thumbnail_test.dart; test/features/media/data/media_repository_test.dart; test/features/sync/data/sync_foundation_test.dart","alto","Baseline badbaa8; lines=450."
"lib/features/media/data/steamgriddb_api_client.dart",".dart","6861","215","source","media","data","false","true","media data adapter/service or dependency composition.","dart:async; dart:convert; dart:io; http; lib/features/media/domain/media_asset_models.dart; lib/features/media/domain/media_exception.dart","2: lib/features/media/data/steamgriddb_media_provider.dart; test/features/media/data/steamgriddb_api_client_test.dart","none observed in E1","mantener","","test/features/media/data/steamgriddb_api_client_test.dart","bajo","Baseline badbaa8; lines=215."
"lib/features/media/data/steamgriddb_media_provider.dart",".dart","1623","52","source","media","data","false","true","media data adapter/service or dependency composition.","http; lib/features/media/data/steamgriddb_api_client.dart; lib/features/media/domain/media_asset_models.dart; lib/features/media/domain/media_exception.dart; lib/features/media/domain/media_provider.dart; lib/features/metadata/data/metadata_api_key_storage.dart","2: lib/features/media/application/media_providers.dart; test/features/media/data/steamgriddb_media_provider_test.dart","none observed in E1","mantener","","test/features/media/data/steamgriddb_media_provider_test.dart","bajo","Baseline badbaa8; lines=52."
"lib/features/media/domain/media_asset_models.dart",".dart","2540","117","source","media","domain","false","true","media domain model, value object or policy.","repository tooling/configuration","17: lib/features/bulk_metadata_import/application/apply_bulk_metadata_plan_use_case.dart; lib/features/bulk_metadata_import/application/build_bulk_metadata_plan_use_case.dart; lib/features/bulk_metadata_import/application/bulk_cover_plan_resolver.dart; lib/features/bulk_metadata_import/domain/bulk_metadata_import_models.dart; lib/features/bulk_metadata_import/presentation/bulk_metadata_import_page.dart; lib/features/games/presentation/game_form_page.dart; lib/features/media/application/media_use_cases.dart; lib/features/media/data/igdb_media_provider.dart; lib/features/media/data/media_repository.dart; lib/features/media/data/steamgriddb_api_client.dart; lib/features/media/data/steamgriddb_media_provider.dart; lib/features/media/domain/media_provider.dart; lib/features/media/presentation/media_search_dialog.dart; test/features/bulk_metadata_import/application/bulk_metadata_import_test.dart; test/features/bulk_metadata_import/presentation/bulk_metadata_import_page_test.dart; test/features/media/data/media_repository_test.dart; test/features/media/presentation/media_search_dialog_test.dart","none observed in E1","mantener","","test/features/bulk_metadata_import/application/bulk_metadata_import_test.dart; test/features/bulk_metadata_import/presentation/bulk_metadata_import_page_test.dart; test/features/media/data/media_repository_test.dart; test/features/media/presentation/media_search_dialog_test.dart","bajo","Baseline badbaa8; lines=117."
"lib/features/media/domain/media_exception.dart",".dart","405","23","source","media","domain","false","true","media domain model, value object or policy.","repository tooling/configuration","13: lib/features/bulk_metadata_import/application/bulk_cover_plan_resolver.dart; lib/features/media/data/igdb_media_provider.dart; lib/features/media/data/media_file_storage.dart; lib/features/media/data/media_repository.dart; lib/features/media/data/steamgriddb_api_client.dart; lib/features/media/data/steamgriddb_media_provider.dart; lib/features/media/presentation/media_search_dialog.dart; test/features/bulk_metadata_import/application/bulk_metadata_import_test.dart; test/features/media/data/igdb_media_provider_test.dart; test/features/media/data/media_file_storage_test.dart; test/features/media/data/media_repository_test.dart; test/features/media/data/steamgriddb_api_client_test.dart; test/features/media/data/steamgriddb_media_provider_test.dart","none observed in E1","mantener","","test/features/bulk_metadata_import/application/bulk_metadata_import_test.dart; test/features/media/data/igdb_media_provider_test.dart; test/features/media/data/media_file_storage_test.dart; test/features/media/data/media_repository_test.dart; test/features/media/data/steamgriddb_api_client_test.dart; test/features/media/data/steamgriddb_media_provider_test.dart","bajo","Baseline badbaa8; lines=23."
"lib/features/media/domain/media_provider.dart",".dart","335","12","source","media","domain","false","true","media domain adapter/service or dependency composition.","lib/features/media/domain/media_asset_models.dart","9: lib/features/bulk_metadata_import/application/bulk_cover_plan_resolver.dart; lib/features/media/application/media_providers.dart; lib/features/media/application/media_use_cases.dart; lib/features/media/data/igdb_media_provider.dart; lib/features/media/data/steamgriddb_media_provider.dart; lib/features/media/presentation/media_search_dialog.dart; test/features/bulk_metadata_import/application/bulk_metadata_import_test.dart; test/features/bulk_metadata_import/presentation/bulk_metadata_import_page_test.dart; test/features/media/presentation/media_search_dialog_test.dart","none observed in E1","mantener","","test/features/bulk_metadata_import/application/bulk_metadata_import_test.dart; test/features/bulk_metadata_import/presentation/bulk_metadata_import_page_test.dart; test/features/media/presentation/media_search_dialog_test.dart","bajo","Baseline badbaa8; lines=12."
"lib/features/media/presentation/media_search_dialog.dart",".dart","17963","515","source","media","presentation","false","true","media UI screen, dialog or reusable widget.","file_picker; flutter; flutter_riverpod; go_router; lib/core/design_system/bv_chip.dart; lib/core/design_system/bv_empty_state.dart; lib/core/design_system/bv_spacing.dart; lib/core/design_system/bv_surface.dart; lib/core/design_system/bv_theme_extension.dart; lib/core/design_system/bv_tokens.dart; lib/core/privacy/privacy_redactor.dart; lib/features/games/application/library_game_details.dart; lib/features/media/application/media_providers.dart; lib/features/media/application/media_use_cases.dart; lib/features/media/domain/media_asset_models.dart; lib/features/media/domain/media_exception.dart; lib/features/media/domain/media_provider.dart; lib/l10n/l10n.dart","2: lib/features/games/presentation/game_detail_page.dart; test/features/media/presentation/media_search_dialog_test.dart","large file over 500 lines; review cohesion and split","dividir","","test/features/media/presentation/media_search_dialog_test.dart","medio","Baseline badbaa8; lines=515."
"lib/features/metadata/application/apply_metadata_use_case.dart",".dart","316","12","source","metadata","application","false","true","metadata application state, orchestration or use case.","lib/features/metadata/data/metadata_repository.dart; lib/features/metadata/domain/apply_metadata_request.dart","1: lib/features/metadata/application/metadata_providers.dart","none observed in E1","mantener","","no direct test import located","bajo","Baseline badbaa8; lines=12."
"lib/features/metadata/application/build_metadata_diff_use_case.dart",".dart","4455","151","source","metadata","application","false","true","metadata application state, orchestration or use case.","lib/features/games/application/library_game_details.dart; lib/features/metadata/domain/external_game_details.dart; lib/features/metadata/domain/metadata_diff.dart; lib/features/metadata/domain/metadata_field.dart","2: lib/features/metadata/application/metadata_providers.dart; test/features/metadata/application/metadata_diff_test.dart","none observed in E1","mantener","","test/features/metadata/application/metadata_diff_test.dart","bajo","Baseline badbaa8; lines=151."
"lib/features/metadata/application/get_metadata_details_use_case.dart",".dart","325","12","source","metadata","application","false","true","metadata application state, orchestration or use case.","lib/features/metadata/domain/external_game_details.dart; lib/features/metadata/domain/metadata_provider.dart","3: lib/features/games/presentation/game_form_page.dart; lib/features/metadata/application/metadata_providers.dart; lib/features/metadata/presentation/metadata_search_dialog.dart","none observed in E1","mantener","","no direct test import located","bajo","Baseline badbaa8; lines=12."
"lib/features/metadata/application/metadata_providers.dart",".dart","1846","56","source","metadata","application","false","true","metadata application adapter/service or dependency composition.","flutter_riverpod; http; lib/features/metadata/application/apply_metadata_use_case.dart; lib/features/metadata/application/build_metadata_diff_use_case.dart; lib/features/metadata/application/get_metadata_details_use_case.dart; lib/features/metadata/application/search_metadata_use_case.dart; lib/features/metadata/data/igdb_metadata_provider.dart; lib/features/metadata/data/metadata_api_key_storage.dart; lib/features/metadata/data/metadata_repository.dart; lib/features/metadata/data/rawg_metadata_provider.dart; lib/features/metadata/domain/metadata_provider.dart","6: lib/features/bulk_metadata_import/application/bulk_metadata_import_providers.dart; lib/features/games/presentation/game_form_page.dart; lib/features/media/application/media_providers.dart; lib/features/metadata/presentation/metadata_search_dialog.dart; test/features/bulk_metadata_import/presentation/bulk_metadata_import_page_test.dart; test/features/metadata/presentation/metadata_search_dialog_test.dart","none observed in E1","mantener","","test/features/bulk_metadata_import/presentation/bulk_metadata_import_page_test.dart; test/features/metadata/presentation/metadata_search_dialog_test.dart","bajo","Baseline badbaa8; lines=56."
"lib/features/metadata/application/search_metadata_use_case.dart",".dart","591","20","source","metadata","application","false","true","metadata application state, orchestration or use case.","lib/features/metadata/domain/metadata_exception.dart; lib/features/metadata/domain/metadata_provider.dart; lib/features/metadata/domain/metadata_search_candidate.dart","4: lib/features/games/presentation/game_form_page.dart; lib/features/metadata/application/metadata_providers.dart; lib/features/metadata/presentation/metadata_search_dialog.dart; test/features/metadata/application/metadata_use_cases_test.dart","none observed in E1","mantener","","test/features/metadata/application/metadata_use_cases_test.dart","bajo","Baseline badbaa8; lines=20."
"lib/features/metadata/data/igdb_api_client.dart",".dart","10665","317","source","metadata","data","false","true","metadata data adapter/service or dependency composition.","dart:async; dart:convert; dart:io; http; lib/features/metadata/domain/external_game_details.dart; lib/features/metadata/domain/metadata_exception.dart; lib/features/metadata/domain/metadata_search_candidate.dart","3: lib/features/media/data/igdb_media_provider.dart; lib/features/metadata/data/igdb_metadata_provider.dart; test/features/metadata/data/igdb_api_client_test.dart","review signal: file over 300 lines","mantener","","test/features/metadata/data/igdb_api_client_test.dart","bajo","Baseline badbaa8; lines=317."
"lib/features/metadata/data/igdb_auth_client.dart",".dart","3990","126","source","metadata","data","false","true","metadata data adapter/service or dependency composition.","dart:async; dart:convert; dart:io; http; lib/features/metadata/domain/metadata_exception.dart","3: lib/features/media/data/igdb_media_provider.dart; lib/features/metadata/data/igdb_metadata_provider.dart; test/features/metadata/data/igdb_auth_client_test.dart","none observed in E1","mantener","","test/features/metadata/data/igdb_auth_client_test.dart","bajo","Baseline badbaa8; lines=126."
"lib/features/metadata/data/igdb_metadata_provider.dart",".dart","2564","82","source","metadata","data","false","true","metadata data adapter/service or dependency composition.","http; lib/core/time/clock.dart; lib/features/metadata/data/igdb_api_client.dart; lib/features/metadata/data/igdb_auth_client.dart; lib/features/metadata/data/metadata_api_key_storage.dart; lib/features/metadata/domain/external_game_details.dart; lib/features/metadata/domain/metadata_exception.dart; lib/features/metadata/domain/metadata_provider.dart; lib/features/metadata/domain/metadata_search_candidate.dart","2: lib/features/metadata/application/metadata_providers.dart; test/features/metadata/data/igdb_metadata_provider_test.dart","none observed in E1","mantener","","test/features/metadata/data/igdb_metadata_provider_test.dart","bajo","Baseline badbaa8; lines=82."
"lib/features/metadata/data/metadata_api_key_storage.dart",".dart","5946","212","source","metadata","data","false","true","metadata data adapter/service or dependency composition.","flutter_riverpod; flutter_secure_storage","13: lib/features/media/application/media_providers.dart; lib/features/media/data/igdb_media_provider.dart; lib/features/media/data/steamgriddb_media_provider.dart; lib/features/metadata/application/metadata_providers.dart; lib/features/metadata/data/igdb_metadata_provider.dart; lib/features/metadata/data/rawg_metadata_provider.dart; lib/features/settings/presentation/settings_page.dart; test/features/media/data/igdb_media_provider_test.dart; test/features/media/data/steamgriddb_media_provider_test.dart; test/features/metadata/application/metadata_use_cases_test.dart; test/features/metadata/data/igdb_metadata_provider_test.dart; test/features/metadata/data/metadata_api_key_storage_test.dart; test/features/settings/presentation/settings_page_test.dart","none observed in E1","mantener","","test/features/media/data/igdb_media_provider_test.dart; test/features/media/data/steamgriddb_media_provider_test.dart; test/features/metadata/application/metadata_use_cases_test.dart; test/features/metadata/data/igdb_metadata_provider_test.dart; test/features/metadata/data/metadata_api_key_storage_test.dart; test/features/settings/presentation/settings_page_test.dart","bajo","Baseline badbaa8; lines=212."
"lib/features/metadata/data/metadata_repository.dart",".dart","12417","362","source","metadata","data","false","true","metadata repository/data access and persistence behavior.","drift; flutter_riverpod; lib/core/database/app_database.dart; lib/core/database/database_providers.dart; lib/core/ids/id_generator.dart; lib/core/time/clock.dart; lib/features/catalogs/domain/catalog_normalizer.dart; lib/features/metadata/domain/apply_metadata_request.dart; lib/features/metadata/domain/metadata_exception.dart; lib/features/metadata/domain/metadata_field.dart; lib/features/sync/application/sync_providers.dart; lib/features/sync/data/sync_change_tracking.dart; lib/features/sync/domain/sync_models.dart","6: lib/features/bulk_metadata_import/application/bulk_metadata_import_providers.dart; lib/features/metadata/application/apply_metadata_use_case.dart; lib/features/metadata/application/metadata_providers.dart; test/features/bulk_metadata_import/application/bulk_metadata_import_test.dart; test/features/metadata/data/metadata_repository_test.dart; test/features/sync/data/sync_foundation_test.dart","repository is coupled to SyncAwareTransaction and Drift","simplificar","","test/features/bulk_metadata_import/application/bulk_metadata_import_test.dart; test/features/metadata/data/metadata_repository_test.dart; test/features/sync/data/sync_foundation_test.dart","bajo","Baseline badbaa8; lines=362."
"lib/features/metadata/data/rawg_api_client.dart",".dart","7337","233","source","metadata","data","false","true","metadata data adapter/service or dependency composition.","dart:async; dart:convert; dart:io; http; lib/features/metadata/domain/external_game_details.dart; lib/features/metadata/domain/metadata_exception.dart; lib/features/metadata/domain/metadata_search_candidate.dart","2: lib/features/metadata/data/rawg_metadata_provider.dart; test/features/metadata/data/rawg_api_client_test.dart","none observed in E1","mantener","","test/features/metadata/data/rawg_api_client_test.dart","bajo","Baseline badbaa8; lines=233."
"lib/features/metadata/data/rawg_metadata_provider.dart",".dart","1483","49","source","metadata","data","false","true","metadata data adapter/service or dependency composition.","http; lib/features/metadata/data/metadata_api_key_storage.dart; lib/features/metadata/data/rawg_api_client.dart; lib/features/metadata/domain/external_game_details.dart; lib/features/metadata/domain/metadata_exception.dart; lib/features/metadata/domain/metadata_provider.dart; lib/features/metadata/domain/metadata_search_candidate.dart","2: lib/features/metadata/application/metadata_providers.dart; test/features/metadata/application/metadata_use_cases_test.dart","none observed in E1","mantener","","test/features/metadata/application/metadata_use_cases_test.dart","bajo","Baseline badbaa8; lines=49."
"lib/features/metadata/domain/apply_metadata_request.dart",".dart","553","20","source","metadata","domain","false","true","metadata domain model, value object or policy.","lib/features/metadata/domain/external_game_details.dart; lib/features/metadata/domain/metadata_field.dart","8: lib/features/bulk_metadata_import/application/apply_bulk_metadata_plan_use_case.dart; lib/features/metadata/application/apply_metadata_use_case.dart; lib/features/metadata/data/metadata_repository.dart; lib/features/metadata/presentation/metadata_search_dialog.dart; test/features/bulk_metadata_import/application/bulk_metadata_import_test.dart; test/features/bulk_metadata_import/presentation/bulk_metadata_import_page_test.dart; test/features/metadata/data/metadata_repository_test.dart; test/features/sync/data/sync_foundation_test.dart","none observed in E1","mantener","","test/features/bulk_metadata_import/application/bulk_metadata_import_test.dart; test/features/bulk_metadata_import/presentation/bulk_metadata_import_page_test.dart; test/features/metadata/data/metadata_repository_test.dart; test/features/sync/data/sync_foundation_test.dart","bajo","Baseline badbaa8; lines=20."
"lib/features/metadata/domain/external_game_details.dart",".dart","1052","47","source","metadata","domain","false","true","metadata domain model, value object or policy.","repository tooling/configuration","22: lib/features/bulk_metadata_import/application/build_bulk_metadata_plan_use_case.dart; lib/features/bulk_metadata_import/application/bulk_cover_plan_resolver.dart; lib/features/bulk_metadata_import/application/bulk_metadata_diff_builder.dart; lib/features/bulk_metadata_import/domain/bulk_metadata_import_models.dart; lib/features/games/presentation/game_form_page.dart; lib/features/media/data/igdb_media_provider.dart; lib/features/metadata/application/build_metadata_diff_use_case.dart; lib/features/metadata/application/get_metadata_details_use_case.dart; lib/features/metadata/data/igdb_api_client.dart; lib/features/metadata/data/igdb_metadata_provider.dart; lib/features/metadata/data/rawg_api_client.dart; lib/features/metadata/data/rawg_metadata_provider.dart; lib/features/metadata/domain/apply_metadata_request.dart; lib/features/metadata/domain/metadata_provider.dart; lib/features/metadata/presentation/metadata_search_dialog.dart; test/features/bulk_metadata_import/application/bulk_metadata_import_test.dart; test/features/bulk_metadata_import/presentation/bulk_metadata_import_page_test.dart; test/features/metadata/application/metadata_diff_test.dart; test/features/metadata/application/metadata_use_cases_test.dart; test/features/metadata/data/metadata_repository_test.dart; test/features/metadata/presentation/metadata_search_dialog_test.dart; test/features/sync/data/sync_foundation_test.dart","none observed in E1","mantener","","test/features/bulk_metadata_import/application/bulk_metadata_import_test.dart; test/features/bulk_metadata_import/presentation/bulk_metadata_import_page_test.dart; test/features/metadata/application/metadata_diff_test.dart; test/features/metadata/application/metadata_use_cases_test.dart; test/features/metadata/data/metadata_repository_test.dart; test/features/metadata/presentation/metadata_search_dialog_test.dart; test/features/sync/data/sync_foundation_test.dart","bajo","Baseline badbaa8; lines=47."
"lib/features/metadata/domain/metadata_diff.dart",".dart","672","28","source","metadata","domain","false","true","metadata domain model, value object or policy.","lib/features/metadata/domain/metadata_field.dart","2: lib/features/metadata/application/build_metadata_diff_use_case.dart; lib/features/metadata/presentation/metadata_search_dialog.dart","none observed in E1","mantener","","no direct test import located","bajo","Baseline badbaa8; lines=28."
"lib/features/metadata/domain/metadata_exception.dart",".dart","382","21","source","metadata","domain","false","true","metadata domain model, value object or policy.","repository tooling/configuration","17: lib/features/bulk_metadata_import/application/build_bulk_metadata_plan_use_case.dart; lib/features/media/data/igdb_media_provider.dart; lib/features/metadata/application/search_metadata_use_case.dart; lib/features/metadata/data/igdb_api_client.dart; lib/features/metadata/data/igdb_auth_client.dart; lib/features/metadata/data/igdb_metadata_provider.dart; lib/features/metadata/data/metadata_repository.dart; lib/features/metadata/data/rawg_api_client.dart; lib/features/metadata/data/rawg_metadata_provider.dart; lib/features/metadata/presentation/metadata_search_dialog.dart; test/features/bulk_metadata_import/application/bulk_metadata_import_test.dart; test/features/metadata/application/metadata_use_cases_test.dart; test/features/metadata/data/igdb_api_client_test.dart; test/features/metadata/data/igdb_auth_client_test.dart; test/features/metadata/data/igdb_metadata_provider_test.dart; test/features/metadata/data/metadata_repository_test.dart; test/features/metadata/data/rawg_api_client_test.dart","none observed in E1","mantener","","test/features/bulk_metadata_import/application/bulk_metadata_import_test.dart; test/features/metadata/application/metadata_use_cases_test.dart; test/features/metadata/data/igdb_api_client_test.dart; test/features/metadata/data/igdb_auth_client_test.dart; test/features/metadata/data/igdb_metadata_provider_test.dart; test/features/metadata/data/metadata_repository_test.dart; test/features/metadata/data/rawg_api_client_test.dart","bajo","Baseline badbaa8; lines=21."
"lib/features/metadata/domain/metadata_field.dart",".dart","358","17","source","metadata","domain","false","true","metadata domain model, value object or policy.","repository tooling/configuration","14: lib/features/bulk_metadata_import/application/apply_bulk_metadata_plan_use_case.dart; lib/features/bulk_metadata_import/application/bulk_metadata_diff_builder.dart; lib/features/bulk_metadata_import/domain/bulk_metadata_import_models.dart; lib/features/games/presentation/game_form_page.dart; lib/features/metadata/application/build_metadata_diff_use_case.dart; lib/features/metadata/data/metadata_repository.dart; lib/features/metadata/domain/apply_metadata_request.dart; lib/features/metadata/domain/metadata_diff.dart; lib/features/metadata/presentation/metadata_search_dialog.dart; lib/l10n/domain_localizations.dart; test/features/bulk_metadata_import/application/bulk_metadata_import_test.dart; test/features/metadata/application/metadata_diff_test.dart; test/features/metadata/data/metadata_repository_test.dart; test/features/sync/data/sync_foundation_test.dart","none observed in E1","mantener","","test/features/bulk_metadata_import/application/bulk_metadata_import_test.dart; test/features/metadata/application/metadata_diff_test.dart; test/features/metadata/data/metadata_repository_test.dart; test/features/sync/data/sync_foundation_test.dart","bajo","Baseline badbaa8; lines=17."
"lib/features/metadata/domain/metadata_provider.dart",".dart","327","12","source","metadata","domain","false","true","metadata domain adapter/service or dependency composition.","lib/features/metadata/domain/external_game_details.dart; lib/features/metadata/domain/metadata_search_candidate.dart","13: lib/features/bulk_metadata_import/application/build_bulk_metadata_plan_use_case.dart; lib/features/bulk_metadata_import/presentation/bulk_metadata_import_page.dart; lib/features/games/presentation/game_form_page.dart; lib/features/metadata/application/get_metadata_details_use_case.dart; lib/features/metadata/application/metadata_providers.dart; lib/features/metadata/application/search_metadata_use_case.dart; lib/features/metadata/data/igdb_metadata_provider.dart; lib/features/metadata/data/rawg_metadata_provider.dart; lib/features/metadata/presentation/metadata_search_dialog.dart; test/features/bulk_metadata_import/application/bulk_metadata_import_test.dart; test/features/bulk_metadata_import/presentation/bulk_metadata_import_page_test.dart; test/features/metadata/application/metadata_use_cases_test.dart; test/features/metadata/presentation/metadata_search_dialog_test.dart","none observed in E1","mantener","","test/features/bulk_metadata_import/application/bulk_metadata_import_test.dart; test/features/bulk_metadata_import/presentation/bulk_metadata_import_page_test.dart; test/features/metadata/application/metadata_use_cases_test.dart; test/features/metadata/presentation/metadata_search_dialog_test.dart","bajo","Baseline badbaa8; lines=12."
"lib/features/metadata/domain/metadata_search_candidate.dart",".dart","627","25","source","metadata","domain","false","true","metadata domain model, value object or policy.","repository tooling/configuration","14: lib/features/bulk_metadata_import/application/bulk_match_scorer.dart; lib/features/bulk_metadata_import/domain/bulk_metadata_import_models.dart; lib/features/games/presentation/game_form_page.dart; lib/features/metadata/application/search_metadata_use_case.dart; lib/features/metadata/data/igdb_api_client.dart; lib/features/metadata/data/igdb_metadata_provider.dart; lib/features/metadata/data/rawg_api_client.dart; lib/features/metadata/data/rawg_metadata_provider.dart; lib/features/metadata/domain/metadata_provider.dart; lib/features/metadata/presentation/metadata_search_dialog.dart; test/features/bulk_metadata_import/application/bulk_metadata_import_test.dart; test/features/bulk_metadata_import/presentation/bulk_metadata_import_page_test.dart; test/features/metadata/application/metadata_use_cases_test.dart; test/features/metadata/presentation/metadata_search_dialog_test.dart","none observed in E1","mantener","","test/features/bulk_metadata_import/application/bulk_metadata_import_test.dart; test/features/bulk_metadata_import/presentation/bulk_metadata_import_page_test.dart; test/features/metadata/application/metadata_use_cases_test.dart; test/features/metadata/presentation/metadata_search_dialog_test.dart","bajo","Baseline badbaa8; lines=25."
"lib/features/metadata/presentation/metadata_search_dialog.dart",".dart","22791","629","source","metadata","presentation","false","true","metadata UI screen, dialog or reusable widget.","flutter; flutter_riverpod; go_router; lib/core/design_system/bv_chip.dart; lib/core/design_system/bv_empty_state.dart; lib/core/design_system/bv_panel.dart; lib/core/design_system/bv_spacing.dart; lib/core/design_system/bv_surface.dart; lib/core/formatting/date_formatters.dart; lib/core/privacy/privacy_redactor.dart; lib/features/games/application/library_game_details.dart; lib/features/media/application/media_providers.dart; lib/features/media/data/igdb_media_provider.dart; lib/features/metadata/application/get_metadata_details_use_case.dart; lib/features/metadata/application/metadata_providers.dart; lib/features/metadata/application/search_metadata_use_case.dart; lib/features/metadata/domain/apply_metadata_request.dart; lib/features/metadata/domain/external_game_details.dart; lib/features/metadata/domain/metadata_diff.dart; lib/features/metadata/domain/metadata_exception.dart; lib/features/metadata/domain/metadata_field.dart; lib/features/metadata/domain/metadata_provider.dart; lib/features/metadata/domain/metadata_search_candidate.dart; lib/l10n/domain_localizations.dart; lib/l10n/l10n.dart","2: lib/features/games/presentation/game_detail_page.dart; test/features/metadata/presentation/metadata_search_dialog_test.dart","large file over 500 lines; review cohesion and split","dividir","","test/features/metadata/presentation/metadata_search_dialog_test.dart","medio","Baseline badbaa8; lines=629."
"lib/features/playthroughs/application/completion_form_model.dart",".dart","646","26","source","playthroughs","application","false","true","playthroughs application state, orchestration or use case.","repository tooling/configuration","6: lib/features/games/data/game_repository.dart; lib/features/games/presentation/game_detail_page.dart; lib/features/games/presentation/game_form_page.dart; test/features/games/data/game_progress_realistic_import_test.dart; test/features/games/data/game_progress_repository_test.dart; test/features/playthroughs/application/completion_form_model_test.dart","none observed in E1","mantener","","test/features/games/data/game_progress_realistic_import_test.dart; test/features/games/data/game_progress_repository_test.dart; test/features/playthroughs/application/completion_form_model_test.dart","bajo","Baseline badbaa8; lines=26."
"lib/features/playthroughs/application/playthrough_form_model.dart",".dart","1221","44","source","playthroughs","application","false","true","playthroughs application state, orchestration or use case.","lib/features/playthroughs/domain/playthrough_status.dart","5: lib/features/games/data/game_repository.dart; lib/features/games/presentation/game_detail_page.dart; test/features/games/data/game_progress_repository_test.dart; test/features/playthroughs/application/playthrough_form_model_test.dart; test/features/sync/data/sync_foundation_test.dart","none observed in E1","mantener","","test/features/games/data/game_progress_repository_test.dart; test/features/playthroughs/application/playthrough_form_model_test.dart; test/features/sync/data/sync_foundation_test.dart","bajo","Baseline badbaa8; lines=44."
"lib/features/playthroughs/domain/playthrough_status.dart",".dart","611","18","source","playthroughs","domain","false","true","playthroughs domain model, value object or policy.","repository tooling/configuration","19: lib/features/games/application/game_progress_summary.dart; lib/features/games/data/game_repository.dart; lib/features/games/presentation/game_detail_page.dart; lib/features/import_export/notion_csv/application/build_import_preview_use_case.dart; lib/features/import_export/notion_csv/data/notion_csv_import_repository.dart; lib/features/playthroughs/application/playthrough_form_model.dart; lib/features/statistics/application/library_statistics_calculator.dart; lib/features/statistics/data/statistics_repository.dart; lib/features/statistics/domain/statistics_models.dart; lib/l10n/domain_localizations.dart; test/features/backup_restore/backup_restore_service_test.dart; test/features/games/data/game_progress_repository_test.dart; test/features/library/data/library_query_repository_test.dart; test/features/metadata/data/metadata_repository_test.dart; test/features/playthroughs/application/playthrough_form_model_test.dart; test/features/statistics/application/library_statistics_calculator_test.dart; test/features/statistics/data/statistics_repository_test.dart; test/features/statistics/presentation/statistics_page_test.dart; test/features/sync/data/sync_foundation_test.dart","none observed in E1","mantener","","test/features/backup_restore/backup_restore_service_test.dart; test/features/games/data/game_progress_repository_test.dart; test/features/library/data/library_query_repository_test.dart; test/features/metadata/data/metadata_repository_test.dart; test/features/playthroughs/application/playthrough_form_model_test.dart; test/features/statistics/application/library_statistics_calculator_test.dart; test/features/statistics/data/statistics_repository_test.dart; test/features/statistics/presentation/statistics_page_test.dart; test/features/sync/data/sync_foundation_test.dart","bajo","Baseline badbaa8; lines=18."
"lib/features/settings/application/app_language.dart",".dart","1734","50","source","settings","application","false","true","settings application state, orchestration or use case.","flutter; flutter_riverpod; shared_preferences","3: lib/app/backlog_vault_app.dart; lib/features/settings/presentation/settings_page.dart; test/features/settings/application/app_language_test.dart","none observed in E1","mantener","","test/features/settings/application/app_language_test.dart","bajo","Baseline badbaa8; lines=50."
"lib/features/settings/presentation/settings_page.dart",".dart","19586","582","source","settings","presentation","false","true","settings UI screen, dialog or reusable widget.","flutter; flutter_riverpod; go_router; lib/core/design_system/bv_action_card.dart; lib/core/design_system/bv_danger_zone.dart; lib/core/design_system/bv_key_value_row.dart; lib/core/design_system/bv_page_scaffold.dart; lib/core/design_system/bv_panel.dart; lib/core/design_system/bv_section.dart; lib/core/design_system/bv_spacing.dart; lib/core/design_system/bv_status_banner.dart; lib/core/design_system/bv_theme_extension.dart; lib/features/metadata/data/metadata_api_key_storage.dart; lib/features/settings/application/app_language.dart; lib/features/sync/presentation/manual_sync_section.dart; lib/l10n/l10n.dart","2: lib/app/router.dart; test/features/settings/presentation/settings_page_test.dart","large file over 500 lines; review cohesion and split","simplificar","","test/features/settings/presentation/settings_page_test.dart","medio","Baseline badbaa8; lines=582."
"lib/features/statistics/application/library_statistics_calculator.dart",".dart","7630","223","source","statistics","application","false","true","statistics application state, orchestration or use case.","lib/features/library/domain/game_status.dart; lib/features/library/domain/library_game_row.dart; lib/features/playthroughs/domain/playthrough_status.dart; lib/features/statistics/domain/statistics_models.dart","2: lib/features/statistics/application/statistics_providers.dart; test/features/statistics/application/library_statistics_calculator_test.dart","none observed in E1","mantener","","test/features/statistics/application/library_statistics_calculator_test.dart","bajo","Baseline badbaa8; lines=223."
"lib/features/statistics/application/statistics_providers.dart",".dart","250","8","source","statistics","application","false","true","statistics application adapter/service or dependency composition.","flutter_riverpod; lib/features/statistics/application/library_statistics_calculator.dart","1: lib/features/statistics/presentation/statistics_page.dart","none observed in E1","mantener","","no direct test import located","bajo","Baseline badbaa8; lines=8."
"lib/features/statistics/data/statistics_repository.dart",".dart","1172","36","source","statistics","data","false","true","statistics repository/data access and persistence behavior.","flutter_riverpod; lib/core/database/app_database.dart; lib/core/database/database_providers.dart; lib/features/playthroughs/domain/playthrough_status.dart; lib/features/statistics/domain/statistics_models.dart","3: lib/features/statistics/presentation/statistics_page.dart; test/features/statistics/data/statistics_repository_test.dart; test/features/statistics/presentation/statistics_page_test.dart","none observed in E1","mantener","","test/features/statistics/data/statistics_repository_test.dart; test/features/statistics/presentation/statistics_page_test.dart","bajo","Baseline badbaa8; lines=36."
"lib/features/statistics/domain/statistics_models.dart",".dart","3641","148","source","statistics","domain","false","true","statistics domain model, value object or policy.","lib/features/library/domain/game_status.dart; lib/features/library/domain/library_game_row.dart; lib/features/playthroughs/domain/playthrough_status.dart","5: lib/features/statistics/application/library_statistics_calculator.dart; lib/features/statistics/data/statistics_repository.dart; lib/features/statistics/presentation/statistics_page.dart; test/features/statistics/application/library_statistics_calculator_test.dart; test/features/statistics/presentation/statistics_page_test.dart","none observed in E1","mantener","","test/features/statistics/application/library_statistics_calculator_test.dart; test/features/statistics/presentation/statistics_page_test.dart","bajo","Baseline badbaa8; lines=148."
"lib/features/statistics/presentation/statistics_page.dart",".dart","21799","683","source","statistics","presentation","false","true","statistics UI screen, dialog or reusable widget.","flutter; flutter_riverpod; go_router; lib/core/design_system/bv_chip.dart; lib/core/design_system/bv_empty_state.dart; lib/core/design_system/bv_error_state.dart; lib/core/design_system/bv_loading_state.dart; lib/core/design_system/bv_page_scaffold.dart; lib/core/design_system/bv_panel.dart; lib/core/design_system/bv_section.dart; lib/core/design_system/bv_spacing.dart; lib/core/design_system/bv_stat_card.dart; lib/core/design_system/bv_surface.dart; lib/core/design_system/bv_theme_extension.dart; lib/core/formatting/date_formatters.dart; lib/features/library/data/library_query_repository.dart; lib/features/library/domain/game_status.dart; lib/features/statistics/application/statistics_providers.dart; lib/features/statistics/data/statistics_repository.dart; lib/features/statistics/domain/statistics_models.dart; lib/l10n/domain_localizations.dart; lib/l10n/l10n.dart","2: lib/app/router.dart; test/features/statistics/presentation/statistics_page_test.dart","large file over 500 lines; review cohesion and split","dividir","","test/features/statistics/presentation/statistics_page_test.dart","medio","Baseline badbaa8; lines=683."
"lib/features/sync/application/sync_providers.dart",".dart","6374","180","source","sync","application","false","true","sync application adapter/service or dependency composition.","flutter_riverpod; lib/core/database/database_providers.dart; lib/features/media/data/media_repository.dart; lib/features/sync/data/encrypted_pairing_codec.dart; lib/features/sync/data/encrypted_sync_package_codec.dart; lib/features/sync/data/lan_media_transfer_service.dart; lib/features/sync/data/lan_sync_service.dart; lib/features/sync/data/sync_change_applier.dart; lib/features/sync/data/sync_change_tracking.dart; lib/features/sync/data/sync_conflict_detector.dart; lib/features/sync/data/sync_device_identity.dart; lib/features/sync/data/sync_group_management.dart; lib/features/sync/data/sync_package_builder.dart; lib/features/sync/data/sync_package_file_service.dart; lib/features/sync/data/sync_package_service.dart; lib/features/sync/data/sync_pairing_file_service.dart; lib/features/sync/data/sync_pairing_service.dart; lib/features/sync/data/sync_qr_payload_codec.dart; lib/features/sync/domain/sync_models.dart; lib/features/sync/domain/sync_pairing_models.dart","10: lib/features/backup_restore/data/export_repository.dart; lib/features/catalogs/data/catalog_repository.dart; lib/features/games/data/game_repository.dart; lib/features/import_export/notion_csv/data/notion_csv_import_repository.dart; lib/features/library/data/saved_library_view_repository.dart; lib/features/media/data/media_repository.dart; lib/features/metadata/data/metadata_repository.dart; lib/features/sync/presentation/manual_sync_section.dart; lib/main.dart; test/features/settings/presentation/settings_page_test.dart","exclusive or near-exclusive Sync scope; obsolete in offline product","eliminar en E2","removed in E2; preserved by Git and external bundle","test/features/settings/presentation/settings_page_test.dart","alto","Baseline badbaa8; lines=180."
"lib/features/sync/data/canonical_json.dart",".dart","1951","57","source","sync","data","false","true","sync data component.","crypto; dart:convert","11: lib/features/sync/data/lan_media_transfer_service.dart; lib/features/sync/data/lan_sync_service.dart; lib/features/sync/data/sync_change_applier.dart; lib/features/sync/data/sync_change_tracking.dart; lib/features/sync/data/sync_conflict_detector.dart; lib/features/sync/data/sync_package_builder.dart; lib/features/sync/data/sync_package_service.dart; lib/features/sync/data/sync_pairing_service.dart; test/features/sync/data/lan_sync_service_test.dart; test/features/sync/data/manual_sync_package_test.dart; test/features/sync/data/sync_foundation_test.dart","exclusive or near-exclusive Sync scope; obsolete in offline product","eliminar en E2","removed in E2; preserved by Git and external bundle","test/features/sync/data/lan_sync_service_test.dart; test/features/sync/data/manual_sync_package_test.dart; test/features/sync/data/sync_foundation_test.dart","alto","Baseline badbaa8; lines=57."
"lib/features/sync/data/encrypted_pairing_codec.dart",".dart","6195","192","source","sync","data","false","true","sync data component.","cryptography; dart:convert; dart:math; dart:typed_data; lib/core/version/app_versions.dart; lib/features/sync/domain/sync_pairing_models.dart","3: lib/features/sync/application/sync_providers.dart; lib/features/sync/data/sync_pairing_service.dart; test/features/sync/data/sync_pairing_test.dart","exclusive or near-exclusive Sync scope; obsolete in offline product","eliminar en E2","removed in E2; preserved by Git and external bundle","test/features/sync/data/sync_pairing_test.dart","alto","Baseline badbaa8; lines=192."
"lib/features/sync/data/encrypted_sync_package_codec.dart",".dart","11732","379","source","sync","data","false","true","sync data component.","cryptography; dart:convert; dart:math; dart:typed_data; lib/core/version/app_versions.dart; lib/features/sync/domain/sync_package_models.dart","6: lib/features/sync/application/sync_providers.dart; lib/features/sync/data/sync_package_service.dart; test/features/sync/data/encrypted_sync_package_codec_test.dart; test/features/sync/data/lan_sync_service_test.dart; test/features/sync/data/manual_sync_package_test.dart; test/features/sync/data/sync_pairing_test.dart","exclusive or near-exclusive Sync scope; obsolete in offline product","eliminar en E2","removed in E2; preserved by Git and external bundle","test/features/sync/data/encrypted_sync_package_codec_test.dart; test/features/sync/data/lan_sync_service_test.dart; test/features/sync/data/manual_sync_package_test.dart; test/features/sync/data/sync_pairing_test.dart","alto","Baseline badbaa8; lines=379."
"lib/features/sync/data/lan_media_transfer_service.dart",".dart","29030","869","source","sync","data","false","true","sync data adapter/service or dependency composition.","crypto; dart:convert; dart:io; dart:typed_data; drift; lib/core/database/app_database.dart; lib/core/time/clock.dart; lib/features/media/data/media_file_storage.dart; lib/features/sync/data/canonical_json.dart; lib/features/sync/data/sync_conflict_detector.dart; lib/features/sync/domain/lan_sync_models.dart; lib/features/sync/domain/sync_package_models.dart","3: lib/features/sync/application/sync_providers.dart; lib/features/sync/data/lan_sync_service.dart; test/features/sync/data/lan_sync_service_test.dart","exclusive or near-exclusive Sync scope; obsolete in offline product","eliminar en E2","removed in E2; preserved by Git and external bundle","test/features/sync/data/lan_sync_service_test.dart","alto","Baseline badbaa8; lines=869."
"lib/features/sync/data/lan_sync_service.dart",".dart","32398","922","source","sync","data","false","true","sync data adapter/service or dependency composition.","crypto; dart:async; dart:convert; dart:io; dart:math; dart:typed_data; lib/core/ids/id_generator.dart; lib/core/version/app_versions.dart; lib/features/sync/data/canonical_json.dart; lib/features/sync/data/lan_media_transfer_service.dart; lib/features/sync/data/sync_group_management.dart; lib/features/sync/data/sync_package_service.dart; lib/features/sync/domain/lan_sync_models.dart; lib/features/sync/domain/sync_package_models.dart; lib/features/sync/domain/sync_pairing_models.dart","3: lib/features/sync/application/sync_providers.dart; lib/features/sync/presentation/manual_sync_section.dart; test/features/sync/data/lan_sync_service_test.dart","exclusive or near-exclusive Sync scope; obsolete in offline product","eliminar en E2","removed in E2; preserved by Git and external bundle","test/features/sync/data/lan_sync_service_test.dart","alto","Baseline badbaa8; lines=922."
"lib/features/sync/data/sync_change_applier.dart",".dart","15885","417","source","sync","data","false","true","sync data component.","dart:convert; drift; lib/core/database/app_database.dart; lib/core/time/clock.dart; lib/features/sync/data/canonical_json.dart; lib/features/sync/data/sync_change_tracking.dart; lib/features/sync/data/sync_conflict_detector.dart; lib/features/sync/domain/sync_models.dart; lib/features/sync/domain/sync_package_models.dart","5: lib/features/sync/application/sync_providers.dart; lib/features/sync/data/sync_package_service.dart; test/features/sync/data/lan_sync_service_test.dart; test/features/sync/data/manual_sync_package_test.dart; test/features/sync/data/sync_pairing_test.dart","exclusive or near-exclusive Sync scope; obsolete in offline product","eliminar en E2","removed in E2; preserved by Git and external bundle","test/features/sync/data/lan_sync_service_test.dart; test/features/sync/data/manual_sync_package_test.dart; test/features/sync/data/sync_pairing_test.dart","alto","Baseline badbaa8; lines=417."
"lib/features/sync/data/sync_change_tracking.dart",".dart","26145","773","source","sync","data","false","true","sync data component.","dart:async; dart:convert; drift; lib/core/database/app_database.dart; lib/core/ids/id_generator.dart; lib/core/time/clock.dart; lib/features/sync/data/canonical_json.dart; lib/features/sync/data/sync_device_identity.dart; lib/features/sync/data/sync_payload_sanitizer.dart; lib/features/sync/domain/sync_models.dart","17: lib/features/backup_restore/data/export_repository.dart; lib/features/bulk_metadata_import/application/apply_bulk_metadata_plan_use_case.dart; lib/features/catalogs/data/catalog_repository.dart; lib/features/games/data/game_repository.dart; lib/features/import_export/notion_csv/data/notion_csv_import_repository.dart; lib/features/library/data/saved_library_view_repository.dart; lib/features/media/data/media_repository.dart; lib/features/metadata/data/metadata_repository.dart; lib/features/sync/application/sync_providers.dart; lib/features/sync/data/sync_change_applier.dart; lib/features/sync/data/sync_conflict_detector.dart; lib/features/sync/data/sync_group_management.dart; lib/features/sync/data/sync_package_builder.dart; test/features/sync/data/lan_sync_service_test.dart; test/features/sync/data/manual_sync_package_test.dart; test/features/sync/data/sync_foundation_test.dart; test/features/sync/data/sync_pairing_test.dart","exclusive or near-exclusive Sync scope; obsolete in offline product","eliminar en E2","removed in E2; preserved by Git and external bundle","test/features/sync/data/lan_sync_service_test.dart; test/features/sync/data/manual_sync_package_test.dart; test/features/sync/data/sync_foundation_test.dart; test/features/sync/data/sync_pairing_test.dart","alto","Baseline badbaa8; lines=773."
"lib/features/sync/data/sync_conflict_detector.dart",".dart","12958","383","source","sync","data","false","true","sync data component.","dart:convert; lib/core/database/app_database.dart; lib/features/sync/data/canonical_json.dart; lib/features/sync/data/sync_change_tracking.dart; lib/features/sync/data/sync_payload_sanitizer.dart; lib/features/sync/domain/sync_models.dart; lib/features/sync/domain/sync_package_models.dart","7: lib/features/sync/application/sync_providers.dart; lib/features/sync/data/lan_media_transfer_service.dart; lib/features/sync/data/sync_change_applier.dart; lib/features/sync/data/sync_package_service.dart; test/features/sync/data/lan_sync_service_test.dart; test/features/sync/data/manual_sync_package_test.dart; test/features/sync/data/sync_pairing_test.dart","exclusive or near-exclusive Sync scope; obsolete in offline product","eliminar en E2","removed in E2; preserved by Git and external bundle","test/features/sync/data/lan_sync_service_test.dart; test/features/sync/data/manual_sync_package_test.dart; test/features/sync/data/sync_pairing_test.dart","alto","Baseline badbaa8; lines=383."
"lib/features/sync/data/sync_device_identity.dart",".dart","6116","188","source","sync","data","false","true","sync data component.","dart:io; drift; flutter_secure_storage; lib/core/database/app_database.dart; lib/core/ids/id_generator.dart; lib/core/time/clock.dart; lib/features/sync/domain/sync_models.dart","8: lib/features/sync/application/sync_providers.dart; lib/features/sync/data/sync_change_tracking.dart; lib/features/sync/data/sync_group_management.dart; lib/features/sync/data/sync_package_builder.dart; test/features/sync/data/lan_sync_service_test.dart; test/features/sync/data/manual_sync_package_test.dart; test/features/sync/data/sync_foundation_test.dart; test/features/sync/data/sync_pairing_test.dart","exclusive or near-exclusive Sync scope; obsolete in offline product","eliminar en E2","removed in E2; preserved by Git and external bundle","test/features/sync/data/lan_sync_service_test.dart; test/features/sync/data/manual_sync_package_test.dart; test/features/sync/data/sync_foundation_test.dart; test/features/sync/data/sync_pairing_test.dart","alto","Baseline badbaa8; lines=188."
"lib/features/sync/data/sync_group_management.dart",".dart","12489","385","source","sync","data","false","true","sync data component.","dart:convert; dart:math; drift; flutter_secure_storage; lib/core/database/app_database.dart; lib/core/ids/id_generator.dart; lib/core/time/clock.dart; lib/core/version/app_versions.dart; lib/features/sync/data/sync_change_tracking.dart; lib/features/sync/data/sync_device_identity.dart; lib/features/sync/domain/sync_models.dart; lib/features/sync/domain/sync_package_models.dart; lib/features/sync/domain/sync_pairing_models.dart","6: lib/features/sync/application/sync_providers.dart; lib/features/sync/data/lan_sync_service.dart; lib/features/sync/data/sync_package_service.dart; lib/features/sync/data/sync_pairing_service.dart; test/features/sync/data/lan_sync_service_test.dart; test/features/sync/data/sync_pairing_test.dart","exclusive or near-exclusive Sync scope; obsolete in offline product","eliminar en E2","removed in E2; preserved by Git and external bundle","test/features/sync/data/lan_sync_service_test.dart; test/features/sync/data/sync_pairing_test.dart","alto","Baseline badbaa8; lines=385."
"lib/features/sync/data/sync_package_builder.dart",".dart","7413","201","source","sync","data","false","true","sync data component.","dart:convert; drift; lib/core/database/app_database.dart; lib/core/ids/id_generator.dart; lib/core/time/clock.dart; lib/core/version/app_versions.dart; lib/features/sync/data/canonical_json.dart; lib/features/sync/data/sync_change_tracking.dart; lib/features/sync/data/sync_device_identity.dart; lib/features/sync/data/sync_payload_sanitizer.dart; lib/features/sync/domain/sync_package_models.dart","5: lib/features/sync/application/sync_providers.dart; lib/features/sync/data/sync_package_service.dart; test/features/sync/data/lan_sync_service_test.dart; test/features/sync/data/manual_sync_package_test.dart; test/features/sync/data/sync_pairing_test.dart","exclusive or near-exclusive Sync scope; obsolete in offline product","eliminar en E2","removed in E2; preserved by Git and external bundle","test/features/sync/data/lan_sync_service_test.dart; test/features/sync/data/manual_sync_package_test.dart; test/features/sync/data/sync_pairing_test.dart","alto","Baseline badbaa8; lines=201."
"lib/features/sync/data/sync_package_file_service.dart",".dart","1039","38","source","sync","data","false","true","sync data adapter/service or dependency composition.","dart:io; file_picker; lib/features/sync/domain/sync_package_models.dart","1: lib/features/sync/application/sync_providers.dart","exclusive or near-exclusive Sync scope; obsolete in offline product","eliminar en E2","removed in E2; preserved by Git and external bundle","no direct test import located","alto","Baseline badbaa8; lines=38."
"lib/features/sync/data/sync_package_service.dart",".dart","5852","166","source","sync","data","false","true","sync data adapter/service or dependency composition.","dart:convert; lib/core/time/clock.dart; lib/features/sync/data/canonical_json.dart; lib/features/sync/data/encrypted_sync_package_codec.dart; lib/features/sync/data/sync_change_applier.dart; lib/features/sync/data/sync_conflict_detector.dart; lib/features/sync/data/sync_group_management.dart; lib/features/sync/data/sync_package_builder.dart; lib/features/sync/data/sync_payload_sanitizer.dart; lib/features/sync/domain/sync_package_models.dart; lib/features/sync/domain/sync_pairing_models.dart","5: lib/features/sync/application/sync_providers.dart; lib/features/sync/data/lan_sync_service.dart; test/features/sync/data/lan_sync_service_test.dart; test/features/sync/data/manual_sync_package_test.dart; test/features/sync/data/sync_pairing_test.dart","exclusive or near-exclusive Sync scope; obsolete in offline product","eliminar en E2","removed in E2; preserved by Git and external bundle","test/features/sync/data/lan_sync_service_test.dart; test/features/sync/data/manual_sync_package_test.dart; test/features/sync/data/sync_pairing_test.dart","alto","Baseline badbaa8; lines=166."
"lib/features/sync/data/sync_pairing_file_service.dart",".dart","1045","38","source","sync","data","false","true","sync data adapter/service or dependency composition.","dart:io; file_picker; lib/features/sync/domain/sync_pairing_models.dart","1: lib/features/sync/application/sync_providers.dart","exclusive or near-exclusive Sync scope; obsolete in offline product","eliminar en E2","removed in E2; preserved by Git and external bundle","no direct test import located","alto","Baseline badbaa8; lines=38."
"lib/features/sync/data/sync_pairing_service.dart",".dart","4085","116","source","sync","data","false","true","sync data adapter/service or dependency composition.","dart:convert; lib/core/time/clock.dart; lib/core/version/app_versions.dart; lib/features/sync/data/canonical_json.dart; lib/features/sync/data/encrypted_pairing_codec.dart; lib/features/sync/data/sync_group_management.dart; lib/features/sync/data/sync_payload_sanitizer.dart; lib/features/sync/domain/sync_pairing_models.dart","2: lib/features/sync/application/sync_providers.dart; test/features/sync/data/sync_pairing_test.dart","exclusive or near-exclusive Sync scope; obsolete in offline product","eliminar en E2","removed in E2; preserved by Git and external bundle","test/features/sync/data/sync_pairing_test.dart","alto","Baseline badbaa8; lines=116."
"lib/features/sync/data/sync_payload_sanitizer.dart",".dart","1948","66","source","sync","data","false","true","sync data component.","lib/core/privacy/privacy_redactor.dart","6: lib/features/sync/data/sync_change_tracking.dart; lib/features/sync/data/sync_conflict_detector.dart; lib/features/sync/data/sync_package_builder.dart; lib/features/sync/data/sync_package_service.dart; lib/features/sync/data/sync_pairing_service.dart; test/features/sync/data/sync_foundation_test.dart","exclusive or near-exclusive Sync scope; obsolete in offline product","eliminar en E2","removed in E2; preserved by Git and external bundle","test/features/sync/data/sync_foundation_test.dart","alto","Baseline badbaa8; lines=66."
"lib/features/sync/data/sync_qr_payload_codec.dart",".dart","8899","308","source","sync","data","false","true","sync data component.","dart:convert; lib/core/version/app_versions.dart","3: lib/features/sync/application/sync_providers.dart; lib/features/sync/presentation/manual_sync_section.dart; test/features/sync/data/sync_qr_payload_codec_test.dart","exclusive or near-exclusive Sync scope; obsolete in offline product","eliminar en E2","removed in E2; preserved by Git and external bundle","test/features/sync/data/sync_qr_payload_codec_test.dart","alto","Baseline badbaa8; lines=308."
"lib/features/sync/domain/lan_sync_models.dart",".dart","7957","284","source","sync","domain","false","true","sync domain model, value object or policy.","lib/features/sync/domain/sync_package_models.dart","4: lib/features/sync/data/lan_media_transfer_service.dart; lib/features/sync/data/lan_sync_service.dart; lib/features/sync/presentation/manual_sync_section.dart; test/features/sync/data/lan_sync_service_test.dart","exclusive or near-exclusive Sync scope; obsolete in offline product","eliminar en E2","removed in E2; preserved by Git and external bundle","test/features/sync/data/lan_sync_service_test.dart","alto","Baseline badbaa8; lines=284."
"lib/features/sync/domain/sync_models.dart",".dart","2252","98","source","sync","domain","false","true","sync domain model, value object or policy.","repository tooling/configuration","19: lib/features/backup_restore/data/export_repository.dart; lib/features/bulk_metadata_import/application/apply_bulk_metadata_plan_use_case.dart; lib/features/catalogs/data/catalog_repository.dart; lib/features/games/data/game_repository.dart; lib/features/import_export/notion_csv/data/notion_csv_import_repository.dart; lib/features/library/data/saved_library_view_repository.dart; lib/features/media/data/media_repository.dart; lib/features/metadata/data/metadata_repository.dart; lib/features/sync/application/sync_providers.dart; lib/features/sync/data/sync_change_applier.dart; lib/features/sync/data/sync_change_tracking.dart; lib/features/sync/data/sync_conflict_detector.dart; lib/features/sync/data/sync_device_identity.dart; lib/features/sync/data/sync_group_management.dart; test/features/settings/presentation/settings_page_test.dart; test/features/sync/data/lan_sync_service_test.dart; test/features/sync/data/manual_sync_package_test.dart; test/features/sync/data/sync_foundation_test.dart; test/features/sync/data/sync_pairing_test.dart","exclusive or near-exclusive Sync scope; obsolete in offline product","eliminar en E2","removed in E2; preserved by Git and external bundle","test/features/settings/presentation/settings_page_test.dart; test/features/sync/data/lan_sync_service_test.dart; test/features/sync/data/manual_sync_package_test.dart; test/features/sync/data/sync_foundation_test.dart; test/features/sync/data/sync_pairing_test.dart","alto","Baseline badbaa8; lines=98."
"lib/features/sync/domain/sync_package_models.dart",".dart","14892","477","source","sync","domain","false","true","sync domain model, value object or policy.","lib/core/version/app_versions.dart","17: lib/features/sync/data/encrypted_sync_package_codec.dart; lib/features/sync/data/lan_media_transfer_service.dart; lib/features/sync/data/lan_sync_service.dart; lib/features/sync/data/sync_change_applier.dart; lib/features/sync/data/sync_conflict_detector.dart; lib/features/sync/data/sync_group_management.dart; lib/features/sync/data/sync_package_builder.dart; lib/features/sync/data/sync_package_file_service.dart; lib/features/sync/data/sync_package_service.dart; lib/features/sync/domain/lan_sync_models.dart; lib/features/sync/domain/sync_pairing_models.dart; lib/features/sync/presentation/manual_sync_section.dart; test/features/settings/presentation/settings_page_test.dart; test/features/sync/data/encrypted_sync_package_codec_test.dart; test/features/sync/data/lan_sync_service_test.dart; test/features/sync/data/manual_sync_package_test.dart; test/features/sync/data/sync_pairing_test.dart","exclusive or near-exclusive Sync scope; obsolete in offline product","eliminar en E2","removed in E2; preserved by Git and external bundle","test/features/settings/presentation/settings_page_test.dart; test/features/sync/data/encrypted_sync_package_codec_test.dart; test/features/sync/data/lan_sync_service_test.dart; test/features/sync/data/manual_sync_package_test.dart; test/features/sync/data/sync_pairing_test.dart","alto","Baseline badbaa8; lines=477."
"lib/features/sync/domain/sync_pairing_models.dart",".dart","7680","266","source","sync","domain","false","true","sync domain model, value object or policy.","dart:convert; lib/core/version/app_versions.dart; lib/features/sync/domain/sync_package_models.dart","11: lib/features/sync/application/sync_providers.dart; lib/features/sync/data/encrypted_pairing_codec.dart; lib/features/sync/data/lan_sync_service.dart; lib/features/sync/data/sync_group_management.dart; lib/features/sync/data/sync_package_service.dart; lib/features/sync/data/sync_pairing_file_service.dart; lib/features/sync/data/sync_pairing_service.dart; lib/features/sync/presentation/manual_sync_section.dart; test/features/settings/presentation/settings_page_test.dart; test/features/sync/data/lan_sync_service_test.dart; test/features/sync/data/sync_pairing_test.dart","exclusive or near-exclusive Sync scope; obsolete in offline product","eliminar en E2","removed in E2; preserved by Git and external bundle","test/features/settings/presentation/settings_page_test.dart; test/features/sync/data/lan_sync_service_test.dart; test/features/sync/data/sync_pairing_test.dart","alto","Baseline badbaa8; lines=266."
"lib/features/sync/presentation/manual_sync_section.dart",".dart","51053","1414","source","sync","presentation","false","true","sync UI screen, dialog or reusable widget.","dart:async; flutter; flutter_riverpod; qr_flutter; lib/core/design_system/bv_panel.dart; lib/core/design_system/bv_progress_panel.dart; lib/core/design_system/bv_section.dart; lib/core/design_system/bv_spacing.dart; lib/core/design_system/bv_status_banner.dart; lib/features/sync/application/sync_providers.dart; lib/features/sync/data/lan_sync_service.dart; lib/features/sync/data/sync_qr_payload_codec.dart; lib/features/sync/domain/lan_sync_models.dart; lib/features/sync/domain/sync_package_models.dart; lib/features/sync/domain/sync_pairing_models.dart; lib/features/sync/presentation/sync_qr_scanner_page.dart; lib/l10n/l10n.dart","2: lib/features/settings/presentation/settings_page.dart; test/features/settings/presentation/settings_page_test.dart","exclusive or near-exclusive Sync scope; obsolete in offline product","eliminar en E2","removed in E2; preserved by Git and external bundle","test/features/settings/presentation/settings_page_test.dart","alto","Baseline badbaa8; lines=1414."
"lib/features/sync/presentation/sync_qr_scanner_page.dart",".dart","1731","59","source","sync","presentation","false","true","sync UI screen, dialog or reusable widget.","dart:io; flutter; mobile_scanner; lib/core/design_system/bv_spacing.dart","2: lib/features/sync/presentation/manual_sync_section.dart; test/features/sync/presentation/sync_qr_scanner_page_test.dart","exclusive or near-exclusive Sync scope; obsolete in offline product","eliminar en E2","removed in E2; preserved by Git and external bundle","test/features/sync/presentation/sync_qr_scanner_page_test.dart","alto","Baseline badbaa8; lines=59."
"lib/l10n/app_en.arb",".arb","40775","739","source","localization","localization","false","true","localization localization component.","repository tooling/configuration","0","large file over 500 lines; review cohesion and split","dividir","","no direct test import located","medio","Baseline badbaa8; lines=739."
"lib/l10n/app_es.arb",".arb","43160","739","source","localization","localization","false","true","localization localization component.","repository tooling/configuration","0","large file over 500 lines; review cohesion and split","dividir","","no direct test import located","medio","Baseline badbaa8; lines=739."
"lib/l10n/app_localizations_en.dart",".dart","63939","2559","generated","localization","localization","true","true","Generated localization API or locale implementation.","intl; lib/l10n/app_localizations.dart","2: lib/l10n/app_localizations.dart; test/l10n/app_localizations_test.dart","generated output; review source instead","generado, no editar","generated from app_en.arb, app_es.arb and l10n.yaml","test/l10n/app_localizations_test.dart","medio","Tracked generated artifact; regenerate from named source and never hand-edit."
"lib/l10n/app_localizations_es.dart",".dart","66453","2576","generated","localization","localization","true","true","Generated localization API or locale implementation.","intl; lib/l10n/app_localizations.dart","3: lib/l10n/app_localizations.dart; lib/l10n/l10n.dart; test/l10n/app_localizations_test.dart","generated output; review source instead","generado, no editar","generated from app_en.arb, app_es.arb and l10n.yaml","test/l10n/app_localizations_test.dart","medio","Tracked generated artifact; regenerate from named source and never hand-edit."
"lib/l10n/app_localizations.dart",".dart","139407","4570","generated","localization","localization","true","true","Generated localization API or locale implementation.","dart:async; flutter; flutter_localizations; intl; lib/l10n/app_localizations_en.dart; lib/l10n/app_localizations_es.dart","4: lib/l10n/app_localizations_en.dart; lib/l10n/app_localizations_es.dart; lib/l10n/domain_localizations.dart; lib/l10n/l10n.dart","generated output; review source instead","generado, no editar","generated from app_en.arb, app_es.arb and l10n.yaml","no direct test import located","medio","Tracked generated artifact; regenerate from named source and never hand-edit."
"lib/l10n/domain_localizations.dart",".dart","5893","141","source","localization","localization","false","true","localization localization component.","lib/features/bulk_metadata_import/domain/bulk_metadata_import_models.dart; lib/features/import_export/notion_csv/domain/import_field.dart; lib/features/library/domain/game_status.dart; lib/features/library/domain/library_column_config.dart; lib/features/library/domain/library_layout_mode.dart; lib/features/metadata/domain/metadata_field.dart; lib/features/playthroughs/domain/playthrough_status.dart; lib/l10n/app_localizations.dart","9: lib/features/bulk_metadata_import/presentation/bulk_metadata_import_page.dart; lib/features/games/presentation/game_detail_page.dart; lib/features/games/presentation/game_form_page.dart; lib/features/import_export/notion_csv/presentation/import_notion_csv_page.dart; lib/features/library/presentation/game_list_page.dart; lib/features/library/presentation/home_page.dart; lib/features/library/presentation/widgets/library_catalog_widgets.dart; lib/features/metadata/presentation/metadata_search_dialog.dart; lib/features/statistics/presentation/statistics_page.dart","localization imports feature domain models, creating bidirectional feature edges","mover","feature-local presentation label mappers; no l10n -> feature imports","no direct test import located","bajo","Baseline badbaa8; lines=141."
"lib/l10n/l10n.dart",".dart","383","14","source","localization","localization","false","true","localization localization component.","flutter; lib/l10n/app_localizations_es.dart; lib/l10n/app_localizations.dart","15: lib/app/app_shell.dart; lib/app/backlog_vault_app.dart; lib/features/backup_restore/presentation/backup_restore_page.dart; lib/features/bulk_metadata_import/presentation/bulk_metadata_import_page.dart; lib/features/games/presentation/game_detail_page.dart; lib/features/games/presentation/game_form_page.dart; lib/features/import_export/notion_csv/presentation/import_notion_csv_page.dart; lib/features/library/presentation/game_list_page.dart; lib/features/library/presentation/home_page.dart; lib/features/library/presentation/widgets/library_catalog_widgets.dart; lib/features/media/presentation/media_search_dialog.dart; lib/features/metadata/presentation/metadata_search_dialog.dart; lib/features/settings/presentation/settings_page.dart; lib/features/statistics/presentation/statistics_page.dart; lib/features/sync/presentation/manual_sync_section.dart","none observed in E1","mantener","","no direct test import located","bajo","Baseline badbaa8; lines=14."
"lib/main.dart",".dart","834","28","source","repository","app","false","true","Entrypoint and root bootstrap; currently initializes Sync.","dart:async; flutter; flutter_riverpod; lib/app/backlog_vault_app.dart; lib/features/sync/application/sync_providers.dart","0","product bootstrap is coupled to Sync readiness","simplificar","","no direct test import located","bajo","Baseline badbaa8; lines=28."
"pubspec.lock",".lock","33384","1102","configuration","repository","configuration","false","true","Repository, Flutter, Dart or build configuration.","repository tooling/configuration","0","monolithic file over 1,000 lines; mixed responsibilities","simplificar","","no direct test import located","medio","Baseline badbaa8; lines=1102."
"pubspec.yaml",".yaml","1013","48","configuration","repository","configuration","false","true","Repository, Flutter, Dart or build configuration.","repository tooling/configuration","0","none observed in E1","simplificar","","no direct test import located","bajo","Baseline badbaa8; lines=48."
"README.es.md",".md","8223","131","documentation","documentation","documentation","false","true","Project, release, QA or historical behavior documentation.","none","0","none observed in E1","documentar","","no direct test import located","bajo","Baseline badbaa8; lines=131."
"README.md",".md","8901","153","documentation","documentation","documentation","false","true","Project, release, QA or historical behavior documentation.","none","0","none observed in E1","documentar","","no direct test import located","bajo","Baseline badbaa8; lines=153."
"test/app/app_shell_test.dart",".dart","2519","80","test","app","test","false","true","Verifies app behavior or regression coverage.","flutter; flutter_test; go_router; lib/app/app_shell.dart","0","none observed in E1","mantener","","test file; declared cases=2","bajo","Baseline badbaa8; lines=80."
"test/app/theme_test.dart",".dart","1749","52","test","app","test","false","true","Verifies app behavior or regression coverage.","flutter; flutter_riverpod; flutter_test; go_router; lib/app/backlog_vault_app.dart; lib/app/router.dart; lib/app/theme.dart; lib/core/design_system/bv_theme_extension.dart","0","none observed in E1","mantener","","test file; declared cases=3","bajo","Baseline badbaa8; lines=52."
"test/core/design_system/bv_components_test.dart",".dart","3230","94","test","core","test","false","true","Verifies core behavior or regression coverage.","flutter; flutter_test; lib/app/theme.dart; lib/core/design_system/bv_chip.dart; lib/core/design_system/bv_empty_state.dart; lib/core/design_system/bv_error_state.dart; lib/core/design_system/bv_loading_state.dart; lib/core/design_system/bv_page_scaffold.dart; lib/core/design_system/bv_panel.dart; lib/core/design_system/bv_section.dart; lib/core/design_system/bv_stat_card.dart","0","none observed in E1","mantener","","test file; declared cases=2","bajo","Baseline badbaa8; lines=94."
"test/core/privacy/privacy_redactor_test.dart",".dart","3825","92","test","core","test","false","true","Verifies core behavior or regression coverage.","test; lib/core/privacy/privacy_redactor.dart","0","none observed in E1","mantener","","test file; declared cases=5","bajo","Baseline badbaa8; lines=92."
"test/core/widgets/dropdown_value_guard_test.dart",".dart","471","11","test","core","test","false","true","Verifies core behavior or regression coverage.","test; lib/core/widgets/dropdown_value_guard.dart","0","none observed in E1","mantener","","test file; declared cases=1","bajo","Baseline badbaa8; lines=11."
"test/features/backup_restore/backup_restore_service_test.dart",".dart","30700","938","test","backup_restore","test","false","true","Verifies backup_restore behavior or regression coverage.","archive; crypto; dart:convert; dart:io; drift; test; lib/core/database/app_database.dart; lib/core/ids/id_generator.dart; lib/core/time/clock.dart; lib/core/version/app_versions.dart; lib/features/backup_restore/data/backup_service.dart; lib/features/backup_restore/data/encrypted_backup_codec.dart; lib/features/backup_restore/data/export_repository.dart; lib/features/backup_restore/domain/backup_models.dart; lib/features/library/data/library_query_repository.dart; lib/features/library/domain/game_status.dart; lib/features/playthroughs/domain/playthrough_status.dart","0","large file over 500 lines; review cohesion and split","mantener","","test file; declared cases=16","alto","Baseline badbaa8; lines=938."
"test/features/backup_restore/encrypted_backup_codec_test.dart",".dart","3626","112","test","backup_restore","test","false","true","Verifies backup_restore behavior or regression coverage.","dart:convert; dart:typed_data; test; lib/features/backup_restore/data/encrypted_backup_codec.dart; lib/features/backup_restore/domain/backup_models.dart","0","none observed in E1","mantener","","test file; declared cases=5","alto","Baseline badbaa8; lines=112."
"test/features/backup_restore/presentation/backup_restore_page_test.dart",".dart","1400","38","test","backup_restore","presentation","false","true","Verifies backup_restore behavior or regression coverage.","flutter; flutter_riverpod; flutter_test; lib/app/theme.dart; lib/features/backup_restore/presentation/backup_restore_page.dart","0","none observed in E1","mantener","","test file; declared cases=1","alto","Baseline badbaa8; lines=38."
"test/features/bulk_metadata_import/application/bulk_metadata_import_test.dart",".dart","49250","1505","test","bulk_metadata_import","application","false","true","Verifies bulk_metadata_import behavior or regression coverage.","drift; test; lib/core/database/app_database.dart; lib/features/bulk_metadata_import/application/apply_bulk_metadata_plan_use_case.dart; lib/features/bulk_metadata_import/application/build_bulk_metadata_plan_use_case.dart; lib/features/bulk_metadata_import/application/bulk_cover_plan_resolver.dart; lib/features/bulk_metadata_import/application/bulk_import_scope_filter.dart; lib/features/bulk_metadata_import/application/bulk_match_scorer.dart; lib/features/bulk_metadata_import/domain/bulk_metadata_import_models.dart; lib/features/library/domain/game_status.dart; lib/features/library/domain/library_game_row.dart; lib/features/media/domain/media_asset_models.dart; lib/features/media/domain/media_exception.dart; lib/features/media/domain/media_provider.dart; lib/features/metadata/data/metadata_repository.dart; lib/features/metadata/domain/apply_metadata_request.dart; lib/features/metadata/domain/external_game_details.dart; lib/features/metadata/domain/metadata_exception.dart; lib/features/metadata/domain/metadata_field.dart; lib/features/metadata/domain/metadata_provider.dart; lib/features/metadata/domain/metadata_search_candidate.dart","0","monolithic file over 1,000 lines; mixed responsibilities","mantener","","test file; declared cases=33","medio","Baseline badbaa8; lines=1505."
"test/features/bulk_metadata_import/presentation/bulk_metadata_import_page_test.dart",".dart","9615","280","test","bulk_metadata_import","presentation","false","true","Verifies bulk_metadata_import behavior or regression coverage.","drift; flutter; flutter_riverpod; flutter_test; lib/features/bulk_metadata_import/application/apply_bulk_metadata_plan_use_case.dart; lib/features/bulk_metadata_import/application/bulk_metadata_import_providers.dart; lib/features/bulk_metadata_import/presentation/bulk_metadata_import_page.dart; lib/features/library/data/library_query_repository.dart; lib/features/library/domain/game_status.dart; lib/features/library/domain/library_game_row.dart; lib/features/media/application/media_providers.dart; lib/features/media/domain/media_asset_models.dart; lib/features/media/domain/media_provider.dart; lib/features/metadata/application/metadata_providers.dart; lib/features/metadata/domain/apply_metadata_request.dart; lib/features/metadata/domain/external_game_details.dart; lib/features/metadata/domain/metadata_provider.dart; lib/features/metadata/domain/metadata_search_candidate.dart","0","none observed in E1","mantener","","test file; declared cases=3","medio","Baseline badbaa8; lines=280."
"test/features/catalogs/catalog_repository_test.dart",".dart","3170","111","test","catalogs","test","false","true","Verifies catalogs behavior or regression coverage.","drift; flutter_test; lib/core/database/app_database.dart; lib/features/catalogs/data/catalog_repository.dart","0","none observed in E1","mantener","","test file; declared cases=3","bajo","Baseline badbaa8; lines=111."
"test/features/games/application/game_form_model_test.dart",".dart","1184","40","test","games","application","false","true","Verifies games behavior or regression coverage.","test; lib/features/games/application/game_form_model.dart; lib/features/library/domain/game_status.dart","0","none observed in E1","mantener","","test file; declared cases=4","bajo","Baseline badbaa8; lines=40."
"test/features/games/data/game_progress_realistic_import_test.dart",".dart","3043","78","test","games","data","false","true","Verifies games behavior or regression coverage.","dart:io; drift; test; lib/core/database/app_database.dart; lib/features/games/data/game_repository.dart; lib/features/import_export/notion_csv/application/build_import_preview_use_case.dart; lib/features/import_export/notion_csv/application/detect_notion_csv_mapping_use_case.dart; lib/features/import_export/notion_csv/data/csv_parser.dart; lib/features/import_export/notion_csv/data/notion_csv_import_repository.dart; lib/features/library/data/library_query_repository.dart; lib/features/library/domain/game_status.dart; lib/features/playthroughs/application/completion_form_model.dart","0","none observed in E1","mantener","","test file; declared cases=1","bajo","Baseline badbaa8; lines=78."
"test/features/games/data/game_progress_repository_test.dart",".dart","12648","403","test","games","data","false","true","Verifies games behavior or regression coverage.","drift; test; lib/core/database/app_database.dart; lib/core/time/clock.dart; lib/features/games/application/game_progress_summary.dart; lib/features/games/data/game_repository.dart; lib/features/library/data/library_query_repository.dart; lib/features/library/domain/game_status.dart; lib/features/playthroughs/application/completion_form_model.dart; lib/features/playthroughs/application/playthrough_form_model.dart; lib/features/playthroughs/domain/playthrough_status.dart","0","review signal: file over 300 lines","mantener","","test file; declared cases=14","bajo","Baseline badbaa8; lines=403."
"test/features/games/data/game_repository_bulk_delete_test.dart",".dart","1783","69","test","games","data","false","true","Verifies games behavior or regression coverage.","drift; flutter_test; lib/core/database/app_database.dart; lib/features/games/data/game_repository.dart","0","none observed in E1","mantener","","test file; declared cases=1","alto","Baseline badbaa8; lines=69."
"test/features/games/presentation/game_detail_page_test.dart",".dart","7531","235","test","games","presentation","false","true","Verifies games behavior or regression coverage.","dart:io; flutter; flutter_riverpod; flutter_test; mocktail; lib/app/theme.dart; lib/core/database/app_database.dart; lib/features/games/application/library_game_details.dart; lib/features/games/data/game_repository.dart; lib/features/games/presentation/game_detail_page.dart; lib/features/library/domain/game_status.dart; lib/features/media/data/media_repository.dart","0","none observed in E1","mantener","","test file; declared cases=3","medio","Baseline badbaa8; lines=235."
"test/features/games/presentation/game_form_page_test.dart",".dart","6567","230","test","games","presentation","false","true","Verifies games behavior or regression coverage.","flutter; flutter_riverpod; flutter_test; mocktail; lib/app/theme.dart; lib/core/database/app_database.dart; lib/features/catalogs/data/catalog_repository.dart; lib/features/games/application/library_game_details.dart; lib/features/games/data/game_repository.dart; lib/features/games/presentation/game_form_page.dart; lib/features/library/domain/game_status.dart","0","none observed in E1","mantener","","test file; declared cases=3","medio","Baseline badbaa8; lines=230."
"test/features/import_export/notion_csv/csv_parser_test.dart",".dart","1512","48","test","import_export","test","false","true","Verifies import_export behavior or regression coverage.","dart:io; test; lib/features/import_export/notion_csv/data/csv_parser.dart","0","none observed in E1","mantener","","test file; declared cases=3","bajo","Baseline badbaa8; lines=48."
"test/features/import_export/notion_csv/mapping_and_normalizer_test.dart",".dart","4504","124","test","import_export","test","false","true","Verifies import_export behavior or regression coverage.","test; lib/features/import_export/notion_csv/application/csv_normalizer.dart; lib/features/import_export/notion_csv/application/detect_notion_csv_mapping_use_case.dart; lib/features/import_export/notion_csv/domain/import_field.dart; lib/features/import_export/notion_csv/domain/import_issue.dart; lib/features/library/domain/game_status.dart","0","none observed in E1","mantener","","test file; declared cases=8","bajo","Baseline badbaa8; lines=124."
"test/features/import_export/notion_csv/notion_csv_import_repository_test.dart",".dart","4342","132","test","import_export","test","false","true","Verifies import_export behavior or regression coverage.","dart:io; drift; test; lib/core/database/app_database.dart; lib/core/ids/id_generator.dart; lib/features/import_export/notion_csv/application/build_import_preview_use_case.dart; lib/features/import_export/notion_csv/application/detect_notion_csv_mapping_use_case.dart; lib/features/import_export/notion_csv/data/csv_parser.dart; lib/features/import_export/notion_csv/data/notion_csv_import_repository.dart; lib/features/import_export/notion_csv/domain/import_preview.dart; lib/features/library/domain/game_status.dart","0","none observed in E1","mantener","","test file; declared cases=4","bajo","Baseline badbaa8; lines=132."
"test/features/import_export/notion_csv/presentation/import_notion_csv_page_test.dart",".dart","1147","32","test","import_export","presentation","false","true","Verifies import_export behavior or regression coverage.","flutter; flutter_riverpod; flutter_test; lib/app/theme.dart; lib/features/import_export/notion_csv/presentation/import_notion_csv_page.dart","0","none observed in E1","mantener","","test file; declared cases=1","medio","Baseline badbaa8; lines=32."
"test/features/import_export/notion_csv/preview_and_duplicates_test.dart",".dart","3901","118","test","import_export","test","false","true","Verifies import_export behavior or regression coverage.","dart:io; test; lib/features/import_export/notion_csv/application/build_import_preview_use_case.dart; lib/features/import_export/notion_csv/application/detect_notion_csv_mapping_use_case.dart; lib/features/import_export/notion_csv/data/csv_parser.dart; lib/features/import_export/notion_csv/domain/existing_game_summary.dart; lib/features/library/domain/game_status.dart","0","none observed in E1","mantener","","test file; declared cases=5","bajo","Baseline badbaa8; lines=118."
"test/features/library/application/library_home_summary_test.dart",".dart","3394","108","test","library","application","false","true","Verifies library behavior or regression coverage.","test; lib/features/library/application/library_home_summary.dart; lib/features/library/domain/game_status.dart; lib/features/library/domain/library_game_row.dart","0","none observed in E1","mantener","","test file; declared cases=2","bajo","Baseline badbaa8; lines=108."
"test/features/library/application/library_layout_mode_test.dart",".dart","1781","46","test","library","application","false","true","Verifies library behavior or regression coverage.","flutter_riverpod; test; lib/features/library/application/library_table_providers.dart; lib/features/library/domain/library_filter_state.dart; lib/features/library/domain/library_layout_mode.dart; lib/features/library/domain/library_sort_state.dart","0","none observed in E1","mantener","","test file; declared cases=2","bajo","Baseline badbaa8; lines=46."
"test/features/library/application/library_responsive_layout_test.dart",".dart","1779","68","test","library","application","false","true","Verifies library behavior or regression coverage.","test; lib/features/library/application/library_responsive_layout.dart; lib/features/library/domain/library_layout_mode.dart","0","none observed in E1","mantener","","test file; declared cases=4","bajo","Baseline badbaa8; lines=68."
"test/features/library/application/library_table_processor_test.dart",".dart","8910","292","test","library","application","false","true","Verifies library behavior or regression coverage.","test; lib/features/library/application/library_default_views.dart; lib/features/library/application/library_table_processor.dart; lib/features/library/domain/game_status.dart; lib/features/library/domain/library_column_config.dart; lib/features/library/domain/library_filter_state.dart; lib/features/library/domain/library_game_row.dart; lib/features/library/domain/library_sort_state.dart","0","none observed in E1","mantener","","test file; declared cases=9","bajo","Baseline badbaa8; lines=292."
"test/features/library/data/library_query_repository_test.dart",".dart","7111","236","test","library","data","false","true","Verifies library behavior or regression coverage.","drift; test; lib/core/database/app_database.dart; lib/features/library/data/library_query_repository.dart; lib/features/library/domain/game_status.dart; lib/features/playthroughs/domain/playthrough_status.dart","0","none observed in E1","mantener","","test file; declared cases=1","bajo","Baseline badbaa8; lines=236."
"test/features/library/data/library_table_realistic_import_test.dart",".dart","5685","185","test","library","data","false","true","Verifies library behavior or regression coverage.","dart:io; drift; test; lib/core/database/app_database.dart; lib/features/import_export/notion_csv/application/build_import_preview_use_case.dart; lib/features/import_export/notion_csv/application/detect_notion_csv_mapping_use_case.dart; lib/features/import_export/notion_csv/data/csv_parser.dart; lib/features/import_export/notion_csv/data/notion_csv_import_repository.dart; lib/features/library/application/library_default_views.dart; lib/features/library/application/library_table_processor.dart; lib/features/library/data/library_query_repository.dart; lib/features/library/domain/game_status.dart; lib/features/library/domain/library_filter_state.dart; lib/features/library/domain/library_game_row.dart; lib/features/library/domain/library_sort_state.dart","0","none observed in E1","mantener","","test file; declared cases=1","bajo","Baseline badbaa8; lines=185."
"test/features/library/data/saved_library_view_repository_test.dart",".dart","2110","63","test","library","data","false","true","Verifies library behavior or regression coverage.","drift; test; lib/core/database/app_database.dart; lib/features/library/data/saved_library_view_repository.dart; lib/features/library/domain/game_status.dart; lib/features/library/domain/library_column_config.dart; lib/features/library/domain/library_filter_state.dart; lib/features/library/domain/library_sort_state.dart","0","none observed in E1","mantener","","test file; declared cases=1","bajo","Baseline badbaa8; lines=63."
"test/features/library/data/schema_migration_test.dart",".dart","10086","270","test","library","data","false","true","Verifies library behavior or regression coverage.","drift; test; lib/core/database/app_database.dart","0","none observed in E1","mantener","","test file; declared cases=3","alto","Baseline badbaa8; lines=270."
"test/features/library/domain/game_status_test.dart",".dart","1006","37","test","library","domain","false","true","Verifies library behavior or regression coverage.","test; lib/features/library/domain/game_status.dart","0","none observed in E1","mantener","","test file; declared cases=3","bajo","Baseline badbaa8; lines=37."
"test/features/library/domain/rating_test.dart",".dart","762","23","test","library","domain","false","true","Verifies library behavior or regression coverage.","flutter; flutter_test; lib/features/library/domain/rating.dart; lib/features/library/presentation/widgets/rating_stars.dart","0","none observed in E1","mantener","","test file; declared cases=2","bajo","Baseline badbaa8; lines=23."
"test/features/library/presentation/game_list_page_test.dart",".dart","7368","228","test","library","presentation","false","true","Verifies library behavior or regression coverage.","data_table_2; flutter; flutter_riverpod; flutter_test; mocktail; lib/app/theme.dart; lib/core/database/app_database.dart; lib/features/catalogs/data/catalog_repository.dart; lib/features/library/data/library_query_repository.dart; lib/features/library/data/saved_library_view_repository.dart; lib/features/library/domain/game_status.dart; lib/features/library/domain/library_game_row.dart; lib/features/library/presentation/game_list_page.dart","0","none observed in E1","mantener","","test file; declared cases=4","medio","Baseline badbaa8; lines=228."
"test/features/library/presentation/home_page_test.dart",".dart","3855","121","test","library","presentation","false","true","Verifies library behavior or regression coverage.","flutter; flutter_riverpod; flutter_test; lib/features/library/data/library_query_repository.dart; lib/features/library/domain/game_status.dart; lib/features/library/domain/library_game_row.dart; lib/features/library/presentation/home_page.dart","0","none observed in E1","mantener","","test file; declared cases=2","medio","Baseline badbaa8; lines=121."
"test/features/library/presentation/library_catalog_widgets_test.dart",".dart","7751","250","test","library","presentation","false","true","Verifies library behavior or regression coverage.","flutter; flutter_test; lib/app/theme.dart; lib/features/library/domain/game_status.dart; lib/features/library/domain/library_filter_state.dart; lib/features/library/domain/library_game_row.dart; lib/features/library/domain/library_table_summary.dart; lib/features/library/presentation/widgets/library_catalog_widgets.dart","0","none observed in E1","mantener","","test file; declared cases=6","medio","Baseline badbaa8; lines=250."
"test/features/library/presentation/library_cover_thumbnail_test.dart",".dart","1985","67","test","library","presentation","false","true","Verifies library behavior or regression coverage.","dart:io; drift; flutter; flutter_riverpod; flutter_test; lib/core/database/app_database.dart; lib/core/database/database_providers.dart; lib/features/library/presentation/widgets/library_cover_thumbnail.dart; lib/features/media/data/media_file_storage.dart; lib/features/media/data/media_repository.dart","0","none observed in E1","mantener","","test file; declared cases=2","medio","Baseline badbaa8; lines=67."
"test/features/library/presentation/library_row_actions_test.dart",".dart","1897","64","test","library","presentation","false","true","Verifies library behavior or regression coverage.","flutter; flutter_riverpod; flutter_test; lib/features/library/domain/game_status.dart; lib/features/library/domain/library_game_row.dart; lib/features/library/presentation/game_list_page.dart","0","none observed in E1","mantener","","test file; declared cases=2","medio","Baseline badbaa8; lines=64."
"test/features/media/data/igdb_media_provider_test.dart",".dart","6830","239","test","media","data","false","true","Verifies media behavior or regression coverage.","dart:io; http; test; lib/core/time/clock.dart; lib/features/media/data/igdb_media_provider.dart; lib/features/media/domain/media_exception.dart; lib/features/metadata/data/metadata_api_key_storage.dart","0","none observed in E1","mantener","","test file; declared cases=6","bajo","Baseline badbaa8; lines=239."
"test/features/media/data/media_file_storage_test.dart",".dart","4110","157","test","media","data","false","true","Verifies media behavior or regression coverage.","dart:io; dart:typed_data; test; lib/features/media/data/media_file_storage.dart; lib/features/media/domain/media_exception.dart","0","none observed in E1","mantener","","test file; declared cases=5","bajo","Baseline badbaa8; lines=157."
"test/features/media/data/media_repository_test.dart",".dart","10625","334","test","media","data","false","true","Verifies media behavior or regression coverage.","dart:io; dart:typed_data; drift; http; test; lib/core/database/app_database.dart; lib/core/ids/id_generator.dart; lib/features/media/data/media_file_storage.dart; lib/features/media/data/media_repository.dart; lib/features/media/domain/media_asset_models.dart; lib/features/media/domain/media_exception.dart","0","review signal: file over 300 lines","mantener","","test file; declared cases=10","alto","Baseline badbaa8; lines=334."
"test/features/media/data/steamgriddb_api_client_test.dart",".dart","2322","78","test","media","data","false","true","Verifies media behavior or regression coverage.","dart:io; http; test; lib/features/media/data/steamgriddb_api_client.dart; lib/features/media/domain/media_exception.dart","0","none observed in E1","mantener","","test file; declared cases=3","bajo","Baseline badbaa8; lines=78."
"test/features/media/data/steamgriddb_media_provider_test.dart",".dart","1840","73","test","media","data","false","true","Verifies media behavior or regression coverage.","test; lib/features/media/data/steamgriddb_media_provider.dart; lib/features/media/domain/media_exception.dart; lib/features/metadata/data/metadata_api_key_storage.dart","0","none observed in E1","mantener","","test file; declared cases=1","bajo","Baseline badbaa8; lines=73."
"test/features/media/fixtures/steamgriddb_auth_error.json",".json","53","4","test","media","test","false","true","Verifies media behavior or regression coverage.","repository tooling/configuration","0","none observed in E1","mantener","","test file; declared cases=0","bajo","Synthetic test data; secret scan classified values as dummy/fixtures where applicable."
"test/features/media/fixtures/steamgriddb_empty_results.json",".json","36","4","test","media","test","false","true","Verifies media behavior or regression coverage.","repository tooling/configuration","0","none observed in E1","mantener","","test file; declared cases=0","bajo","Synthetic test data; secret scan classified values as dummy/fixtures where applicable."
"test/features/media/fixtures/steamgriddb_grids_hades.json",".json","654","28","test","media","test","false","true","Verifies media behavior or regression coverage.","repository tooling/configuration","0","none observed in E1","mantener","","test file; declared cases=0","bajo","Synthetic test data; secret scan classified values as dummy/fixtures where applicable."
"test/features/media/fixtures/steamgriddb_search_hades.json",".json","243","17","test","media","test","false","true","Verifies media behavior or regression coverage.","repository tooling/configuration","0","none observed in E1","mantener","","test file; declared cases=0","bajo","Synthetic test data; secret scan classified values as dummy/fixtures where applicable."
"test/features/media/presentation/media_search_dialog_test.dart",".dart","6463","214","test","media","presentation","false","true","Verifies media behavior or regression coverage.","flutter; flutter_riverpod; flutter_test; lib/app/theme.dart; lib/core/database/app_database.dart; lib/features/games/application/library_game_details.dart; lib/features/library/domain/game_status.dart; lib/features/media/application/media_providers.dart; lib/features/media/domain/media_asset_models.dart; lib/features/media/domain/media_provider.dart; lib/features/media/presentation/media_search_dialog.dart","0","none observed in E1","mantener","","test file; declared cases=4","medio","Baseline badbaa8; lines=214."
"test/features/metadata/application/metadata_diff_test.dart",".dart","3528","131","test","metadata","application","false","true","Verifies metadata behavior or regression coverage.","test; lib/core/database/app_database.dart; lib/features/games/application/library_game_details.dart; lib/features/library/domain/game_status.dart; lib/features/metadata/application/build_metadata_diff_use_case.dart; lib/features/metadata/domain/external_game_details.dart; lib/features/metadata/domain/metadata_field.dart","0","none observed in E1","mantener","","test file; declared cases=2","bajo","Baseline badbaa8; lines=131."
"test/features/metadata/application/metadata_use_cases_test.dart",".dart","3457","128","test","metadata","application","false","true","Verifies metadata behavior or regression coverage.","test; lib/features/metadata/application/search_metadata_use_case.dart; lib/features/metadata/data/metadata_api_key_storage.dart; lib/features/metadata/data/rawg_metadata_provider.dart; lib/features/metadata/domain/external_game_details.dart; lib/features/metadata/domain/metadata_exception.dart; lib/features/metadata/domain/metadata_provider.dart; lib/features/metadata/domain/metadata_search_candidate.dart","0","none observed in E1","mantener","","test file; declared cases=3","bajo","Baseline badbaa8; lines=128."
"test/features/metadata/data/igdb_api_client_test.dart",".dart","7563","267","test","metadata","data","false","true","Verifies metadata behavior or regression coverage.","dart:io; http; test; lib/features/metadata/data/igdb_api_client.dart; lib/features/metadata/domain/metadata_exception.dart","0","none observed in E1","mantener","","test file; declared cases=9","bajo","Baseline badbaa8; lines=267."
"test/features/metadata/data/igdb_auth_client_test.dart",".dart","2544","85","test","metadata","data","false","true","Verifies metadata behavior or regression coverage.","dart:io; http; test; lib/features/metadata/data/igdb_auth_client.dart; lib/features/metadata/domain/metadata_exception.dart","0","none observed in E1","mantener","","test file; declared cases=3","bajo","Baseline badbaa8; lines=85."
"test/features/metadata/data/igdb_metadata_provider_test.dart",".dart","4974","186","test","metadata","data","false","true","Verifies metadata behavior or regression coverage.","dart:io; http; test; lib/core/time/clock.dart; lib/features/metadata/data/igdb_metadata_provider.dart; lib/features/metadata/data/metadata_api_key_storage.dart; lib/features/metadata/domain/metadata_exception.dart","0","none observed in E1","mantener","","test file; declared cases=3","bajo","Baseline badbaa8; lines=186."
"test/features/metadata/data/metadata_api_key_storage_test.dart",".dart","1942","60","test","metadata","data","false","true","Verifies metadata behavior or regression coverage.","test; lib/features/metadata/data/metadata_api_key_storage.dart","0","none observed in E1","mantener","","test file; declared cases=1","bajo","Baseline badbaa8; lines=60."
"test/features/metadata/data/metadata_repository_test.dart",".dart","11136","336","test","metadata","data","false","true","Verifies metadata behavior or regression coverage.","drift; test; lib/core/database/app_database.dart; lib/features/library/domain/game_status.dart; lib/features/metadata/data/metadata_repository.dart; lib/features/metadata/domain/apply_metadata_request.dart; lib/features/metadata/domain/external_game_details.dart; lib/features/metadata/domain/metadata_exception.dart; lib/features/metadata/domain/metadata_field.dart; lib/features/playthroughs/domain/playthrough_status.dart","0","review signal: file over 300 lines","mantener","","test file; declared cases=6","bajo","Baseline badbaa8; lines=336."
"test/features/metadata/data/rawg_api_client_test.dart",".dart","3620","119","test","metadata","data","false","true","Verifies metadata behavior or regression coverage.","dart:io; http; test; lib/features/metadata/data/rawg_api_client.dart; lib/features/metadata/domain/metadata_exception.dart","0","none observed in E1","mantener","","test file; declared cases=5","bajo","Baseline badbaa8; lines=119."
"test/features/metadata/presentation/metadata_search_dialog_test.dart",".dart","6569","216","test","metadata","presentation","false","true","Verifies metadata behavior or regression coverage.","flutter; flutter_riverpod; flutter_test; lib/core/database/app_database.dart; lib/features/games/application/library_game_details.dart; lib/features/library/domain/game_status.dart; lib/features/metadata/application/metadata_providers.dart; lib/features/metadata/domain/external_game_details.dart; lib/features/metadata/domain/metadata_provider.dart; lib/features/metadata/domain/metadata_search_candidate.dart; lib/features/metadata/presentation/metadata_search_dialog.dart","0","none observed in E1","mantener","","test file; declared cases=4","medio","Baseline badbaa8; lines=216."
"test/features/playthroughs/application/completion_form_model_test.dart",".dart","931","35","test","playthroughs","application","false","true","Verifies playthroughs behavior or regression coverage.","test; lib/features/playthroughs/application/completion_form_model.dart","0","none observed in E1","mantener","","test file; declared cases=3","bajo","Baseline badbaa8; lines=35."
"test/features/playthroughs/application/playthrough_form_model_test.dart",".dart","1639","57","test","playthroughs","application","false","true","Verifies playthroughs behavior or regression coverage.","test; lib/features/playthroughs/application/playthrough_form_model.dart; lib/features/playthroughs/domain/playthrough_status.dart","0","none observed in E1","mantener","","test file; declared cases=5","bajo","Baseline badbaa8; lines=57."
"test/features/settings/application/app_language_test.dart",".dart","1645","51","test","settings","application","false","true","Verifies settings behavior or regression coverage.","flutter_riverpod; flutter_test; shared_preferences; lib/features/settings/application/app_language.dart","0","none observed in E1","mantener","","test file; declared cases=2","bajo","Baseline badbaa8; lines=51."
"test/features/settings/presentation/settings_page_test.dart",".dart","11920","329","test","settings","presentation","false","true","Verifies settings behavior or regression coverage.","flutter; flutter_riverpod; flutter_test; lib/app/theme.dart; lib/features/metadata/data/metadata_api_key_storage.dart; lib/features/settings/presentation/settings_page.dart; lib/features/sync/application/sync_providers.dart; lib/features/sync/domain/sync_models.dart; lib/features/sync/domain/sync_package_models.dart; lib/features/sync/domain/sync_pairing_models.dart; lib/features/sync/presentation/manual_sync_section.dart","0","review signal: file over 300 lines","mantener","","test file; declared cases=3","medio","Baseline badbaa8; lines=329."
"test/features/statistics/application/library_statistics_calculator_test.dart",".dart","7387","231","test","statistics","application","false","true","Verifies statistics behavior or regression coverage.","test; lib/features/library/domain/game_status.dart; lib/features/library/domain/library_game_row.dart; lib/features/playthroughs/domain/playthrough_status.dart; lib/features/statistics/application/library_statistics_calculator.dart; lib/features/statistics/domain/statistics_models.dart","0","none observed in E1","mantener","","test file; declared cases=4","bajo","Baseline badbaa8; lines=231."
"test/features/statistics/data/statistics_repository_test.dart",".dart","2347","80","test","statistics","data","false","true","Verifies statistics behavior or regression coverage.","drift; test; lib/core/database/app_database.dart; lib/features/playthroughs/domain/playthrough_status.dart; lib/features/statistics/data/statistics_repository.dart","0","none observed in E1","mantener","","test file; declared cases=1","bajo","Baseline badbaa8; lines=80."
"test/features/statistics/presentation/statistics_page_test.dart",".dart","6083","194","test","statistics","presentation","false","true","Verifies statistics behavior or regression coverage.","flutter; flutter_riverpod; flutter_test; lib/features/library/data/library_query_repository.dart; lib/features/library/domain/game_status.dart; lib/features/library/domain/library_game_row.dart; lib/features/playthroughs/domain/playthrough_status.dart; lib/features/statistics/data/statistics_repository.dart; lib/features/statistics/domain/statistics_models.dart; lib/features/statistics/presentation/statistics_page.dart","0","none observed in E1","mantener","","test file; declared cases=3","medio","Baseline badbaa8; lines=194."
"test/features/sync/data/encrypted_sync_package_codec_test.dart",".dart","4914","145","test","sync","data","false","true","Verifies sync behavior or regression coverage.","dart:convert; dart:math; dart:typed_data; test; lib/features/sync/data/encrypted_sync_package_codec.dart; lib/features/sync/domain/sync_package_models.dart","0","exclusive or near-exclusive Sync scope; obsolete in offline product","eliminar en E2","removed in E2; preserved by Git and external bundle","test file; declared cases=5","alto","Baseline badbaa8; lines=145."
"test/features/sync/data/lan_sync_service_test.dart",".dart","53782","1632","test","sync","data","false","true","Verifies sync behavior or regression coverage.","crypto; dart:async; dart:convert; dart:io; dart:math; dart:typed_data; drift; test; lib/core/database/app_database.dart; lib/core/ids/id_generator.dart; lib/core/time/clock.dart; lib/features/media/data/media_file_storage.dart; lib/features/sync/data/canonical_json.dart; lib/features/sync/data/encrypted_sync_package_codec.dart; lib/features/sync/data/lan_media_transfer_service.dart; lib/features/sync/data/lan_sync_service.dart; lib/features/sync/data/sync_change_applier.dart; lib/features/sync/data/sync_change_tracking.dart; lib/features/sync/data/sync_conflict_detector.dart; lib/features/sync/data/sync_device_identity.dart; lib/features/sync/data/sync_group_management.dart; lib/features/sync/data/sync_package_builder.dart; lib/features/sync/data/sync_package_service.dart; lib/features/sync/domain/lan_sync_models.dart; lib/features/sync/domain/sync_models.dart; lib/features/sync/domain/sync_package_models.dart; lib/features/sync/domain/sync_pairing_models.dart","0","exclusive or near-exclusive Sync scope; obsolete in offline product","eliminar en E2","removed in E2; preserved by Git and external bundle","test file; declared cases=21","alto","Baseline badbaa8; lines=1632."
"test/features/sync/data/manual_sync_package_test.dart",".dart","34708","1016","test","sync","data","false","true","Verifies sync behavior or regression coverage.","dart:convert; dart:math; drift; test; lib/core/database/app_database.dart; lib/core/ids/id_generator.dart; lib/core/time/clock.dart; lib/features/sync/data/canonical_json.dart; lib/features/sync/data/encrypted_sync_package_codec.dart; lib/features/sync/data/sync_change_applier.dart; lib/features/sync/data/sync_change_tracking.dart; lib/features/sync/data/sync_conflict_detector.dart; lib/features/sync/data/sync_device_identity.dart; lib/features/sync/data/sync_package_builder.dart; lib/features/sync/data/sync_package_service.dart; lib/features/sync/domain/sync_models.dart; lib/features/sync/domain/sync_package_models.dart","0","exclusive or near-exclusive Sync scope; obsolete in offline product","eliminar en E2","removed in E2; preserved by Git and external bundle","test file; declared cases=13","alto","Baseline badbaa8; lines=1016."
"test/features/sync/data/sync_foundation_test.dart",".dart","46730","1424","test","sync","data","false","true","Verifies sync behavior or regression coverage.","dart:convert; dart:io; drift; http; test; lib/core/database/app_database.dart; lib/core/ids/id_generator.dart; lib/core/time/clock.dart; lib/core/version/app_versions.dart; lib/features/backup_restore/data/export_repository.dart; lib/features/backup_restore/domain/backup_models.dart; lib/features/catalogs/data/catalog_repository.dart; lib/features/games/application/game_form_model.dart; lib/features/games/data/game_repository.dart; lib/features/import_export/notion_csv/data/notion_csv_import_repository.dart; lib/features/import_export/notion_csv/domain/import_preview.dart; lib/features/import_export/notion_csv/domain/normalized_import_row.dart; lib/features/library/data/saved_library_view_repository.dart; lib/features/library/domain/game_status.dart; lib/features/library/domain/library_column_config.dart; lib/features/library/domain/library_filter_state.dart; lib/features/library/domain/library_sort_state.dart; lib/features/media/data/media_file_storage.dart; lib/features/media/data/media_repository.dart; lib/features/metadata/data/metadata_repository.dart; lib/features/metadata/domain/apply_metadata_request.dart; lib/features/metadata/domain/external_game_details.dart; lib/features/metadata/domain/metadata_field.dart; lib/features/playthroughs/application/playthrough_form_model.dart; lib/features/playthroughs/domain/playthrough_status.dart; lib/features/sync/data/canonical_json.dart; lib/features/sync/data/sync_change_tracking.dart; lib/features/sync/data/sync_device_identity.dart; lib/features/sync/data/sync_payload_sanitizer.dart; lib/features/sync/domain/sync_models.dart","0","exclusive or near-exclusive Sync scope; obsolete in offline product","eliminar en E2","removed in E2; preserved by Git and external bundle","test file; declared cases=22","alto","Baseline badbaa8; lines=1424."
"test/features/sync/data/sync_pairing_test.dart",".dart","23097","694","test","sync","data","false","true","Verifies sync behavior or regression coverage.","dart:convert; dart:math; drift; test; lib/core/database/app_database.dart; lib/core/ids/id_generator.dart; lib/core/time/clock.dart; lib/features/sync/data/encrypted_pairing_codec.dart; lib/features/sync/data/encrypted_sync_package_codec.dart; lib/features/sync/data/sync_change_applier.dart; lib/features/sync/data/sync_change_tracking.dart; lib/features/sync/data/sync_conflict_detector.dart; lib/features/sync/data/sync_device_identity.dart; lib/features/sync/data/sync_group_management.dart; lib/features/sync/data/sync_package_builder.dart; lib/features/sync/data/sync_package_service.dart; lib/features/sync/data/sync_pairing_service.dart; lib/features/sync/domain/sync_models.dart; lib/features/sync/domain/sync_package_models.dart; lib/features/sync/domain/sync_pairing_models.dart","0","exclusive or near-exclusive Sync scope; obsolete in offline product","eliminar en E2","removed in E2; preserved by Git and external bundle","test file; declared cases=10","alto","Baseline badbaa8; lines=694."
"test/features/sync/data/sync_qr_payload_codec_test.dart",".dart","10139","384","test","sync","data","false","true","Verifies sync behavior or regression coverage.","dart:convert; test; lib/features/sync/data/sync_qr_payload_codec.dart","0","exclusive or near-exclusive Sync scope; obsolete in offline product","eliminar en E2","removed in E2; preserved by Git and external bundle","test file; declared cases=6","alto","Baseline badbaa8; lines=384."
"test/features/sync/data/sync_schema_migration_test.dart",".dart","7015","173","test","sync","data","false","true","Verifies sync behavior or regression coverage.","drift; test; lib/core/database/app_database.dart; lib/core/version/app_versions.dart","0","exclusive or near-exclusive Sync scope; obsolete in offline product","eliminar en E2","removed in E2; preserved by Git and external bundle","test file; declared cases=1","alto","Baseline badbaa8; lines=173."
"test/features/sync/presentation/sync_qr_scanner_page_test.dart",".dart","760","26","test","sync","presentation","false","true","Verifies sync behavior or regression coverage.","dart:io; flutter; flutter_test; lib/features/sync/presentation/sync_qr_scanner_page.dart","0","exclusive or near-exclusive Sync scope; obsolete in offline product","eliminar en E2","removed in E2; preserved by Git and external bundle","test file; declared cases=1","alto","Baseline badbaa8; lines=26."
"test/fixtures/igdb_details_with_cover.json",".json","549","24","test","repository","test","false","true","Verifies repository behavior or regression coverage.","repository tooling/configuration","0","none observed in E1","mantener","","test file; declared cases=0","bajo","Synthetic test data; secret scan classified values as dummy/fixtures where applicable."
"test/fixtures/igdb_details_without_cover.json",".json","319","16","test","repository","test","false","true","Verifies repository behavior or regression coverage.","repository tooling/configuration","0","none observed in E1","mantener","","test file; declared cases=0","bajo","Synthetic test data; secret scan classified values as dummy/fixtures where applicable."
"test/fixtures/igdb_details.json",".json","511","20","test","repository","test","false","true","Verifies repository behavior or regression coverage.","repository tooling/configuration","0","none observed in E1","mantener","","test file; declared cases=0","bajo","Synthetic test data; secret scan classified values as dummy/fixtures where applicable."
"test/fixtures/igdb_search.json",".json","746","32","test","repository","test","false","true","Verifies repository behavior or regression coverage.","repository tooling/configuration","0","none observed in E1","mantener","","test file; declared cases=0","bajo","Synthetic test data; secret scan classified values as dummy/fixtures where applicable."
"test/fixtures/igdb_token.json",".json","93","5","test","repository","test","false","true","Verifies repository behavior or regression coverage.","repository tooling/configuration","0","none observed in E1","mantener","","test file; declared cases=0","bajo","Synthetic test data; secret scan classified values as dummy/fixtures where applicable."
"test/fixtures/notion_ambiguous_dates.csv",".csv","98","0","test","repository","test","false","true","Verifies repository behavior or regression coverage.","repository tooling/configuration","0","none observed in E1","mantener","","test file; declared cases=0","bajo","Synthetic test data; secret scan classified values as dummy/fixtures where applicable."
"test/fixtures/notion_basic.csv",".csv","172","0","test","repository","test","false","true","Verifies repository behavior or regression coverage.","repository tooling/configuration","0","none observed in E1","mantener","","test file; declared cases=0","bajo","Synthetic test data; secret scan classified values as dummy/fixtures where applicable."
"test/fixtures/notion_duplicates.csv",".csv","99","0","test","repository","test","false","true","Verifies repository behavior or regression coverage.","repository tooling/configuration","0","none observed in E1","mantener","","test file; declared cases=0","bajo","Synthetic test data; secret scan classified values as dummy/fixtures where applicable."
"test/fixtures/notion_missing_title.csv",".csv","24","0","test","repository","test","false","true","Verifies repository behavior or regression coverage.","repository tooling/configuration","0","none observed in E1","mantener","","test file; declared cases=0","bajo","Synthetic test data; secret scan classified values as dummy/fixtures where applicable."
"test/fixtures/notion_multi_values.csv",".csv","89","0","test","repository","test","false","true","Verifies repository behavior or regression coverage.","repository tooling/configuration","0","none observed in E1","mantener","","test file; declared cases=0","bajo","Synthetic test data; secret scan classified values as dummy/fixtures where applicable."
"test/fixtures/notion_quotes.csv",".csv","138","0","test","repository","test","false","true","Verifies repository behavior or regression coverage.","repository tooling/configuration","0","none observed in E1","mantener","","test file; declared cases=0","bajo","Synthetic test data; secret scan classified values as dummy/fixtures where applicable."
"test/fixtures/notion_realistic_export.csv",".csv","405","0","test","repository","test","false","true","Verifies repository behavior or regression coverage.","repository tooling/configuration","0","none observed in E1","mantener","","test file; declared cases=0","bajo","Synthetic test data; secret scan classified values as dummy/fixtures where applicable."
"test/fixtures/notion_semicolon.csv",".csv","120","0","test","repository","test","false","true","Verifies repository behavior or regression coverage.","repository tooling/configuration","0","none observed in E1","mantener","","test file; declared cases=0","bajo","Synthetic test data; secret scan classified values as dummy/fixtures where applicable."
"test/fixtures/notion_two_valid_rows.csv",".csv","54","0","test","repository","test","false","true","Verifies repository behavior or regression coverage.","repository tooling/configuration","0","none observed in E1","mantener","","test file; declared cases=0","bajo","Synthetic test data; secret scan classified values as dummy/fixtures where applicable."
"test/fixtures/rawg_details.json",".json","503","17","test","repository","test","false","true","Verifies repository behavior or regression coverage.","repository tooling/configuration","0","none observed in E1","mantener","","test file; declared cases=0","bajo","Synthetic test data; secret scan classified values as dummy/fixtures where applicable."
"test/fixtures/rawg_search.json",".json","846","33","test","repository","test","false","true","Verifies repository behavior or regression coverage.","repository tooling/configuration","0","none observed in E1","mantener","","test file; declared cases=0","bajo","Synthetic test data; secret scan classified values as dummy/fixtures where applicable."
"test/l10n/app_localizations_test.dart",".dart","4674","79","test","localization","test","false","true","Verifies localization behavior or regression coverage.","flutter_test; lib/l10n/app_localizations_en.dart; lib/l10n/app_localizations_es.dart","0","none observed in E1","mantener","","test file; declared cases=1","bajo","Baseline badbaa8; lines=79."
"third_party/flutter_secure_storage_windows/lib/flutter_secure_storage_windows.dart",".dart","164","3","vendored","secure_storage_override","configuration","false","true","Vendored Windows secure-storage override or its metadata.","repository tooling/configuration","0","none observed in E1","revisar manualmente","","no direct test import located","bajo","Baseline badbaa8; lines=3."
"third_party/flutter_secure_storage_windows/lib/src/flutter_secure_storage_windows_ffi.dart",".dart","14627","476","vendored","secure_storage_override","configuration","false","true","Vendored Windows secure-storage override or its metadata.","dart:async; dart:convert; dart:ffi; dart:io; ffi; flutter; flutter_secure_storage_platform_interface; path; path_provider; win32","0","vendored platform fork requires ownership and update policy","revisar manualmente","","no direct test import located","bajo","Baseline badbaa8; lines=476."
"third_party/flutter_secure_storage_windows/lib/src/flutter_secure_storage_windows_stub.dart",".dart","1556","58","vendored","secure_storage_override","configuration","false","true","Vendored Windows secure-storage override or its metadata.","flutter_secure_storage_platform_interface","0","none observed in E1","revisar manualmente","","no direct test import located","bajo","Baseline badbaa8; lines=58."
"third_party/flutter_secure_storage_windows/LICENSE","(none)","1509","0","vendored","secure_storage_override","configuration","false","true","Vendored Windows secure-storage override or its metadata.","repository tooling/configuration","0","none observed in E1","revisar manualmente","","no direct test import located","bajo","Baseline badbaa8; lines=0."
"third_party/flutter_secure_storage_windows/pubspec.yaml",".yaml","736","30","vendored","secure_storage_override","configuration","false","true","Vendored Windows secure-storage override or its metadata.","repository tooling/configuration","0","none observed in E1","revisar manualmente","","no direct test import located","bajo","Baseline badbaa8; lines=30."
"third_party/flutter_secure_storage_windows/windows/CMakeLists.txt",".txt","1113","29","vendored","secure_storage_override","configuration","false","true","Vendored Windows secure-storage override or its metadata.","repository tooling/configuration","0","none observed in E1","revisar manualmente","","no direct test import located","bajo","Baseline badbaa8; lines=29."
"third_party/flutter_secure_storage_windows/windows/flutter_secure_storage_windows_plugin.cpp",".cpp","31351","935","vendored","secure_storage_override","configuration","false","true","Vendored Windows secure-storage override or its metadata.","repository tooling/configuration","0","large file over 500 lines; review cohesion and split","revisar manualmente","","no direct test import located","medio","Baseline badbaa8; lines=935."
"third_party/flutter_secure_storage_windows/windows/include/flutter_secure_storage_windows/flutter_secure_storage_windows_plugin.h",".h","609","23","vendored","secure_storage_override","configuration","false","true","Vendored Windows secure-storage override or its metadata.","repository tooling/configuration","0","none observed in E1","revisar manualmente","","no direct test import located","bajo","Baseline badbaa8; lines=23."
"tool/package_windows.ps1",".ps1","2742","75","script","packaging","configuration","false","true","packaging configuration component.","repository tooling/configuration","0","none observed in E1","mantener","","no direct test import located","bajo","Baseline badbaa8; lines=75."
"windows/.gitignore",".gitignore","308","17","native Windows","platform/windows","native","false","true","Native platform/windows runner, build or packaging support.","Flutter embedder / platform SDK","0","none observed in E1","mantener","","no direct test import located","medio","Baseline badbaa8; lines=17."
"windows/CMakeLists.txt",".txt","4270","108","native Windows","platform/windows","native","false","true","Native platform/windows runner, build or packaging support.","Flutter embedder / platform SDK","0","none observed in E1","mantener","","no direct test import located","medio","Baseline badbaa8; lines=108."
"windows/flutter/CMakeLists.txt",".txt","3851","109","native Windows","platform/windows","native","false","true","Native platform/windows runner, build or packaging support.","Flutter embedder / platform SDK","0","none observed in E1","mantener","","no direct test import located","medio","Baseline badbaa8; lines=109."
"windows/flutter/generated_plugin_registrant.cc",".cc","381","14","generated","platform/windows","native","true","true","platform/windows native component.","repository tooling/configuration","0","generated output; review source instead","generado, no editar","regenerated by Flutter tooling","no direct test import located","bajo","Tracked generated artifact; regenerate from named source and never hand-edit."
"windows/flutter/generated_plugin_registrant.h",".h","302","15","generated","platform/windows","native","true","true","platform/windows native component.","repository tooling/configuration","0","generated output; review source instead","generado, no editar","regenerated by Flutter tooling","no direct test import located","bajo","Tracked generated artifact; regenerate from named source and never hand-edit."
"windows/flutter/generated_plugins.cmake",".cmake","782","25","generated","platform/windows","native","true","true","platform/windows native component.","repository tooling/configuration","0","generated output; review source instead","generado, no editar","regenerated by Flutter tooling","no direct test import located","bajo","Tracked generated artifact; regenerate from named source and never hand-edit."
"windows/runner/CMakeLists.txt",".txt","1836","40","native Windows","platform/windows","native","false","true","Native platform/windows runner, build or packaging support.","Flutter embedder / platform SDK","0","none observed in E1","mantener","","no direct test import located","medio","Baseline badbaa8; lines=40."
"windows/runner/flutter_window.cpp",".cpp","2193","71","native Windows","platform/windows","native","false","true","Native platform/windows runner, build or packaging support.","Flutter embedder / platform SDK","0","none observed in E1","mantener","","no direct test import located","medio","Baseline badbaa8; lines=71."
"windows/runner/flutter_window.h",".h","961","33","native Windows","platform/windows","native","false","true","Native platform/windows runner, build or packaging support.","Flutter embedder / platform SDK","0","none observed in E1","mantener","","no direct test import located","medio","Baseline badbaa8; lines=33."
"windows/runner/main.cpp",".cpp","1309","43","native Windows","platform/windows","native","false","true","Native platform/windows runner, build or packaging support.","Flutter embedder / platform SDK","0","none observed in E1","mantener","","no direct test import located","medio","Baseline badbaa8; lines=43."
"windows/runner/resource.h",".h","448","16","native Windows","platform/windows","native","false","true","Native platform/windows runner, build or packaging support.","Flutter embedder / platform SDK","0","none observed in E1","mantener","","no direct test import located","medio","Baseline badbaa8; lines=16."
"windows/runner/resources/app_icon.ico",".ico","33772","0","native Windows","platform/windows","native","false","true","Native platform/windows runner, build or packaging support.","Flutter embedder / platform SDK","0","none observed in E1","mantener","","no direct test import located","medio","Baseline badbaa8; lines=0."
"windows/runner/runner.exe.manifest",".manifest","616","14","native Windows","platform/windows","native","false","true","Native platform/windows runner, build or packaging support.","Flutter embedder / platform SDK","0","none observed in E1","mantener","","no direct test import located","medio","Baseline badbaa8; lines=14."
"windows/runner/Runner.rc",".rc","3166","121","native Windows","platform/windows","native","false","true","Native platform/windows runner, build or packaging support.","Flutter embedder / platform SDK","0","none observed in E1","mantener","","no direct test import located","medio","Baseline badbaa8; lines=121."
"windows/runner/utils.cpp",".cpp","2237","69","native Windows","platform/windows","native","false","true","Native platform/windows runner, build or packaging support.","Flutter embedder / platform SDK","0","none observed in E1","mantener","","no direct test import located","medio","Baseline badbaa8; lines=69."
"windows/runner/utils.h",".h","691","19","native Windows","platform/windows","native","false","true","Native platform/windows runner, build or packaging support.","Flutter embedder / platform SDK","0","none observed in E1","mantener","","no direct test import located","medio","Baseline badbaa8; lines=19."
"windows/runner/win32_window.cpp",".cpp","8822","288","native Windows","platform/windows","native","false","true","Native platform/windows runner, build or packaging support.","Flutter embedder / platform SDK","0","none observed in E1","mantener","","no direct test import located","medio","Baseline badbaa8; lines=288."
"windows/runner/win32_window.h",".h","3624","102","native Windows","platform/windows","native","false","true","Native platform/windows runner, build or packaging support.","Flutter embedder / platform SDK","0","none observed in E1","mantener","","no direct test import located","medio","Baseline badbaa8; lines=102."
