"path","category","feature","layer","responsibility","generated","used","tests","documentation","release_relevant","privacy_risk","decision","notes"
".gitignore","repository_configuration","cross_cutting","configuration","Repository metadata, dependency, localization, or build configuration.","false","build_or_runtime_graph","gate_or_not_applicable","README_and_scoped_docs","false","low","retain","Reviewed in E7; responsibility and location are coherent; no blocking residue found."
".metadata","repository_configuration","cross_cutting","configuration","Repository metadata, dependency, localization, or build configuration.","false","build_or_runtime_graph","gate_or_not_applicable","README_and_scoped_docs","false","low","retain","Reviewed in E7; responsibility and location are coherent; no blocking residue found."
"analysis_options.yaml","repository_configuration","cross_cutting","configuration","Repository metadata, dependency, localization, or build configuration.","false","build_or_runtime_graph","gate_or_not_applicable","README_and_scoped_docs","false","low","retain","Reviewed in E7; responsibility and location are coherent; no blocking residue found."
"android/.gitignore","android_platform","cross_cutting","platform","Android runner, manifest, Gradle, resource, or generated integration input.","false","build_or_runtime_graph","gate_or_not_applicable","README_and_scoped_docs","true","low","retain","Reviewed in E7; responsibility and location are coherent; no blocking residue found."
"android/app/build.gradle.kts","android_platform","cross_cutting","platform","Android runner, manifest, Gradle, resource, or generated integration input.","false","build_or_runtime_graph","gate_or_not_applicable","README_and_scoped_docs","true","low","retain","Reviewed in E7; responsibility and location are coherent; no blocking residue found."
"android/app/src/debug/AndroidManifest.xml","android_platform","cross_cutting","platform","Android runner, manifest, Gradle, resource, or generated integration input.","false","build_or_runtime_graph","gate_or_not_applicable","README_and_scoped_docs","true","reviewed","retain","Reviewed in E7; responsibility and location are coherent; no blocking residue found."
"android/app/src/main/AndroidManifest.xml","android_platform","cross_cutting","platform","Android runner, manifest, Gradle, resource, or generated integration input.","false","build_or_runtime_graph","gate_or_not_applicable","README_and_scoped_docs","true","reviewed","retain","Reviewed in E7; responsibility and location are coherent; no blocking residue found."
"android/app/src/main/kotlin/dev/backlogvault/app/MainActivity.kt","android_platform","cross_cutting","platform","Android runner, manifest, Gradle, resource, or generated integration input.","false","build_or_runtime_graph","gate_or_not_applicable","README_and_scoped_docs","true","low","retain","Reviewed in E7; responsibility and location are coherent; no blocking residue found."
"android/app/src/main/res/drawable-v21/launch_background.xml","android_platform","cross_cutting","platform","Android runner, manifest, Gradle, resource, or generated integration input.","false","build_or_runtime_graph","gate_or_not_applicable","README_and_scoped_docs","true","low","retain","Reviewed in E7; responsibility and location are coherent; no blocking residue found."
"android/app/src/main/res/drawable/launch_background.xml","android_platform","cross_cutting","platform","Android runner, manifest, Gradle, resource, or generated integration input.","false","build_or_runtime_graph","gate_or_not_applicable","README_and_scoped_docs","true","low","retain","Reviewed in E7; responsibility and location are coherent; no blocking residue found."
"android/app/src/main/res/mipmap-hdpi/ic_launcher.png","android_platform","cross_cutting","platform","Android runner, manifest, Gradle, resource, or generated integration input.","false","build_or_runtime_graph","gate_or_not_applicable","README_and_scoped_docs","true","low","retain","Reviewed in E7; responsibility and location are coherent; no blocking residue found."
"android/app/src/main/res/mipmap-mdpi/ic_launcher.png","android_platform","cross_cutting","platform","Android runner, manifest, Gradle, resource, or generated integration input.","false","build_or_runtime_graph","gate_or_not_applicable","README_and_scoped_docs","true","low","retain","Reviewed in E7; responsibility and location are coherent; no blocking residue found."
"android/app/src/main/res/mipmap-xhdpi/ic_launcher.png","android_platform","cross_cutting","platform","Android runner, manifest, Gradle, resource, or generated integration input.","false","build_or_runtime_graph","gate_or_not_applicable","README_and_scoped_docs","true","low","retain","Reviewed in E7; responsibility and location are coherent; no blocking residue found."
"android/app/src/main/res/mipmap-xxhdpi/ic_launcher.png","android_platform","cross_cutting","platform","Android runner, manifest, Gradle, resource, or generated integration input.","false","build_or_runtime_graph","gate_or_not_applicable","README_and_scoped_docs","true","low","retain","Reviewed in E7; responsibility and location are coherent; no blocking residue found."
"android/app/src/main/res/mipmap-xxxhdpi/ic_launcher.png","android_platform","cross_cutting","platform","Android runner, manifest, Gradle, resource, or generated integration input.","false","build_or_runtime_graph","gate_or_not_applicable","README_and_scoped_docs","true","low","retain","Reviewed in E7; responsibility and location are coherent; no blocking residue found."
"android/app/src/main/res/values-night/styles.xml","android_platform","cross_cutting","platform","Android runner, manifest, Gradle, resource, or generated integration input.","false","build_or_runtime_graph","gate_or_not_applicable","README_and_scoped_docs","true","low","retain","Reviewed in E7; responsibility and location are coherent; no blocking residue found."
"android/app/src/main/res/values/styles.xml","android_platform","cross_cutting","platform","Android runner, manifest, Gradle, resource, or generated integration input.","false","build_or_runtime_graph","gate_or_not_applicable","README_and_scoped_docs","true","low","retain","Reviewed in E7; responsibility and location are coherent; no blocking residue found."
"android/app/src/profile/AndroidManifest.xml","android_platform","cross_cutting","platform","Android runner, manifest, Gradle, resource, or generated integration input.","false","build_or_runtime_graph","gate_or_not_applicable","README_and_scoped_docs","true","reviewed","retain","Reviewed in E7; responsibility and location are coherent; no blocking residue found."
"android/build.gradle.kts","android_platform","cross_cutting","platform","Android runner, manifest, Gradle, resource, or generated integration input.","false","build_or_runtime_graph","gate_or_not_applicable","README_and_scoped_docs","true","low","retain","Reviewed in E7; responsibility and location are coherent; no blocking residue found."
"android/gradle.properties","android_platform","cross_cutting","platform","Android runner, manifest, Gradle, resource, or generated integration input.","false","build_or_runtime_graph","gate_or_not_applicable","README_and_scoped_docs","true","low","retain","Reviewed in E7; responsibility and location are coherent; no blocking residue found."
"android/gradle/wrapper/gradle-wrapper.properties","android_platform","cross_cutting","platform","Android runner, manifest, Gradle, resource, or generated integration input.","false","build_or_runtime_graph","gate_or_not_applicable","README_and_scoped_docs","true","low","retain","Reviewed in E7; responsibility and location are coherent; no blocking residue found."
"android/settings.gradle.kts","android_platform","cross_cutting","platform","Android runner, manifest, Gradle, resource, or generated integration input.","false","build_or_runtime_graph","gate_or_not_applicable","README_and_scoped_docs","true","low","retain","Reviewed in E7; responsibility and location are coherent; no blocking residue found."
"docs/architecture/ADR-001-offline-architecture.md","documentation","cross_cutting","documentation","Product, architecture, audit, migration, or release record represented by ADR-001-offline-architecture.md.","false","linked_or_historical_record","gate_or_not_applicable","self","false","low","retain","Reviewed in E7; responsibility and location are coherent; no blocking residue found."
"docs/architecture/architecture_research.md","documentation","cross_cutting","documentation","Product, architecture, audit, migration, or release record represented by architecture_research.md.","false","linked_or_historical_record","gate_or_not_applicable","self","false","low","retain","Reviewed in E7; responsibility and location are coherent; no blocking residue found."
"docs/architecture/code_and_commenting_policy.md","documentation","cross_cutting","documentation","Product, architecture, audit, migration, or release record represented by code_and_commenting_policy.md.","false","linked_or_historical_record","gate_or_not_applicable","self","false","low","retain","Reviewed in E7; responsibility and location are coherent; no blocking residue found."
"docs/architecture/current_architecture.md","documentation","cross_cutting","documentation","Product, architecture, audit, migration, or release record represented by current_architecture.md.","false","linked_or_historical_record","gate_or_not_applicable","self","false","low","retain","Reviewed in E7; responsibility and location are coherent; no blocking residue found."
"docs/architecture/dependency_rules.md","documentation","cross_cutting","documentation","Product, architecture, audit, migration, or release record represented by dependency_rules.md.","false","linked_or_historical_record","gate_or_not_applicable","self","false","low","retain","Reviewed in E7; responsibility and location are coherent; no blocking residue found."
"docs/architecture/target_architecture.md","documentation","cross_cutting","documentation","Product, architecture, audit, migration, or release record represented by target_architecture.md.","false","linked_or_historical_record","gate_or_not_applicable","self","false","low","retain","Reviewed in E7; responsibility and location are coherent; no blocking residue found."
"docs/architecture/target_folder_structure.md","documentation","cross_cutting","documentation","Product, architecture, audit, migration, or release record represented by target_folder_structure.md.","false","linked_or_historical_record","gate_or_not_applicable","self","false","low","retain","Reviewed in E7; responsibility and location are coherent; no blocking residue found."
"docs/audit/e1/audit_summary.md","documentation","audit","documentation","Product, architecture, audit, migration, or release record represented by audit_summary.md.","false","linked_or_historical_record","gate_or_not_applicable","self","false","low","retain","Reviewed in E7; responsibility and location are coherent; no blocking residue found."
"docs/audit/e1/database_and_migration_audit.md","documentation","audit","documentation","Product, architecture, audit, migration, or release record represented by database_and_migration_audit.md.","false","linked_or_historical_record","gate_or_not_applicable","self","false","reviewed","retain","Reviewed in E7; responsibility and location are coherent; no blocking residue found."
"docs/audit/e1/dead_code_candidates.md","documentation","audit","documentation","Product, architecture, audit, migration, or release record represented by dead_code_candidates.md.","false","linked_or_historical_record","gate_or_not_applicable","self","false","low","retain","Reviewed in E7; responsibility and location are coherent; no blocking residue found."
"docs/audit/e1/dependency_audit.md","documentation","audit","documentation","Product, architecture, audit, migration, or release record represented by dependency_audit.md.","false","linked_or_historical_record","gate_or_not_applicable","self","false","low","retain","Reviewed in E7; responsibility and location are coherent; no blocking residue found."
"docs/audit/e1/dependency_map.md","documentation","audit","documentation","Product, architecture, audit, migration, or release record represented by dependency_map.md.","false","linked_or_historical_record","gate_or_not_applicable","self","false","low","retain","Reviewed in E7; responsibility and location are coherent; no blocking residue found."
"docs/audit/e1/domain_model_audit.md","documentation","audit","documentation","Product, architecture, audit, migration, or release record represented by domain_model_audit.md.","false","linked_or_historical_record","gate_or_not_applicable","self","false","low","retain","Reviewed in E7; responsibility and location are coherent; no blocking residue found."
"docs/audit/e1/git_branch_audit.md","documentation","audit","documentation","Product, architecture, audit, migration, or release record represented by git_branch_audit.md.","false","linked_or_historical_record","gate_or_not_applicable","self","false","low","retain","Reviewed in E7; responsibility and location are coherent; no blocking residue found."
"docs/audit/e1/git_history_size_audit.md","documentation","audit","documentation","Product, architecture, audit, migration, or release record represented by git_history_size_audit.md.","false","linked_or_historical_record","gate_or_not_applicable","self","false","low","retain","Reviewed in E7; responsibility and location are coherent; no blocking residue found."
"docs/audit/e1/large_files_and_complexity.md","documentation","audit","documentation","Product, architecture, audit, migration, or release record represented by large_files_and_complexity.md.","false","linked_or_historical_record","gate_or_not_applicable","self","false","low","retain","Reviewed in E7; responsibility and location are coherent; no blocking residue found."
"docs/audit/e1/repository_file_inventory.csv","documentation","audit","documentation","Product, architecture, audit, migration, or release record represented by repository_file_inventory.csv.","false","linked_or_historical_record","gate_or_not_applicable","self","false","low","retain","Reviewed in E7; responsibility and location are coherent; no blocking residue found."
"docs/audit/e1/repository_inventory.md","documentation","audit","documentation","Product, architecture, audit, migration, or release record represented by repository_inventory.md.","false","linked_or_historical_record","gate_or_not_applicable","self","false","low","retain","Reviewed in E7; responsibility and location are coherent; no blocking residue found."
"docs/audit/e1/risk_register.md","documentation","audit","documentation","Product, architecture, audit, migration, or release record represented by risk_register.md.","false","linked_or_historical_record","gate_or_not_applicable","self","false","low","retain","Reviewed in E7; responsibility and location are coherent; no blocking residue found."
"docs/audit/e1/size_baseline.md","documentation","audit","documentation","Product, architecture, audit, migration, or release record represented by size_baseline.md.","false","linked_or_historical_record","gate_or_not_applicable","self","false","low","retain","Reviewed in E7; responsibility and location are coherent; no blocking residue found."
"docs/audit/e1/sync_removal_impact.md","documentation","audit","documentation","Product, architecture, audit, migration, or release record represented by sync_removal_impact.md.","false","linked_or_historical_record","gate_or_not_applicable","self","false","low","retain","Reviewed in E7; responsibility and location are coherent; no blocking residue found."
"docs/audit/e3/external_provider_review.md","documentation","audit","documentation","Product, architecture, audit, migration, or release record represented by external_provider_review.md.","false","linked_or_historical_record","gate_or_not_applicable","self","false","low","retain","Reviewed in E7; responsibility and location are coherent; no blocking residue found."
"docs/audit/e4/dead_code_removed.md","documentation","audit","documentation","Product, architecture, audit, migration, or release record represented by dead_code_removed.md.","false","linked_or_historical_record","gate_or_not_applicable","self","false","low","retain","Reviewed in E7; responsibility and location are coherent; no blocking residue found."
"docs/audit/e4/dependency_map_after_refactor.md","documentation","audit","documentation","Product, architecture, audit, migration, or release record represented by dependency_map_after_refactor.md.","false","linked_or_historical_record","gate_or_not_applicable","self","false","low","retain","Reviewed in E7; responsibility and location are coherent; no blocking residue found."
"docs/audit/e4/refactor_summary.md","documentation","audit","documentation","Product, architecture, audit, migration, or release record represented by refactor_summary.md.","false","linked_or_historical_record","gate_or_not_applicable","self","false","low","retain","Reviewed in E7; responsibility and location are coherent; no blocking residue found."
"docs/audit/e4/remaining_hotspots.md","documentation","audit","documentation","Product, architecture, audit, migration, or release record represented by remaining_hotspots.md.","false","linked_or_historical_record","gate_or_not_applicable","self","false","low","retain","Reviewed in E7; responsibility and location are coherent; no blocking residue found."
"docs/audit/e4/repository_file_inventory_after_refactor.csv","documentation","audit","documentation","Product, architecture, audit, migration, or release record represented by repository_file_inventory_after_refactor.csv.","false","linked_or_historical_record","gate_or_not_applicable","self","false","low","retain","Reviewed in E7; responsibility and location are coherent; no blocking residue found."
"docs/audit/e5/accessibility_review.md","documentation","audit","documentation","Product, architecture, audit, migration, or release record represented by accessibility_review.md.","false","linked_or_historical_record","gate_or_not_applicable","self","false","low","retain","Reviewed in E7; responsibility and location are coherent; no blocking residue found."
"docs/audit/e5/presentation_inventory.md","documentation","audit","documentation","Product, architecture, audit, migration, or release record represented by presentation_inventory.md.","false","linked_or_historical_record","gate_or_not_applicable","self","false","low","retain","Reviewed in E7; responsibility and location are coherent; no blocking residue found."
"docs/audit/e5/remaining_presentation_hotspots.md","documentation","audit","documentation","Product, architecture, audit, migration, or release record represented by remaining_presentation_hotspots.md.","false","linked_or_historical_record","gate_or_not_applicable","self","false","low","retain","Reviewed in E7; responsibility and location are coherent; no blocking residue found."
"docs/audit/e5/repository_file_inventory_after_ui_refactor.csv","documentation","audit","documentation","Product, architecture, audit, migration, or release record represented by repository_file_inventory_after_ui_refactor.csv.","false","linked_or_historical_record","gate_or_not_applicable","self","false","low","retain","Reviewed in E7; responsibility and location are coherent; no blocking residue found."
"docs/audit/e5/ui_consistency_report.md","documentation","audit","documentation","Product, architecture, audit, migration, or release record represented by ui_consistency_report.md.","false","linked_or_historical_record","gate_or_not_applicable","self","false","low","retain","Reviewed in E7; responsibility and location are coherent; no blocking residue found."
"docs/audit/e6/asset_cleanup_report.md","documentation","audit","documentation","Product, architecture, audit, migration, or release record represented by asset_cleanup_report.md.","false","linked_or_historical_record","gate_or_not_applicable","self","false","low","retain","Reviewed in E7; responsibility and location are coherent; no blocking residue found."
"docs/audit/e6/branch_consolidation_report.md","documentation","audit","documentation","Product, architecture, audit, migration, or release record represented by branch_consolidation_report.md.","false","linked_or_historical_record","gate_or_not_applicable","self","false","low","retain","Reviewed in E7; responsibility and location are coherent; no blocking residue found."
"docs/audit/e6/dead_files_removed.md","documentation","audit","documentation","Product, architecture, audit, migration, or release record represented by dead_files_removed.md.","false","linked_or_historical_record","gate_or_not_applicable","self","false","low","retain","Reviewed in E7; responsibility and location are coherent; no blocking residue found."
"docs/audit/e6/dependency_cleanup_report.md","documentation","audit","documentation","Product, architecture, audit, migration, or release record represented by dependency_cleanup_report.md.","false","linked_or_historical_record","gate_or_not_applicable","self","false","low","retain","Reviewed in E7; responsibility and location are coherent; no blocking residue found."
"docs/audit/e6/git_maintenance_report.md","documentation","audit","documentation","Product, architecture, audit, migration, or release record represented by git_maintenance_report.md.","false","linked_or_historical_record","gate_or_not_applicable","self","false","low","retain","Reviewed in E7; responsibility and location are coherent; no blocking residue found."
"docs/audit/e6/official_size_optimization_research.md","documentation","audit","documentation","Product, architecture, audit, migration, or release record represented by official_size_optimization_research.md.","false","linked_or_historical_record","gate_or_not_applicable","self","false","low","retain","Reviewed in E7; responsibility and location are coherent; no blocking residue found."
"docs/audit/e6/repository_file_inventory_after_cleanup.csv","documentation","audit","documentation","Product, architecture, audit, migration, or release record represented by repository_file_inventory_after_cleanup.csv.","false","linked_or_historical_record","gate_or_not_applicable","self","false","low","retain","Reviewed in E7; responsibility and location are coherent; no blocking residue found."
"docs/audit/e6/size_and_cleanup_results.md","documentation","audit","documentation","Product, architecture, audit, migration, or release record represented by size_and_cleanup_results.md.","false","linked_or_historical_record","gate_or_not_applicable","self","false","low","retain","Reviewed in E7; responsibility and location are coherent; no blocking residue found."
"docs/audit/e6/size_baseline_before_cleanup.md","documentation","audit","documentation","Product, architecture, audit, migration, or release record represented by size_baseline_before_cleanup.md.","false","linked_or_historical_record","gate_or_not_applicable","self","false","low","retain","Reviewed in E7; responsibility and location are coherent; no blocking residue found."
"docs/audit/e7/final_code_audit.md","documentation","audit","documentation","Product, architecture, audit, migration, or release record represented by final_code_audit.md.","false","linked_or_historical_record","gate_or_not_applicable","self","false","low","retain","Reviewed in E7; responsibility and location are coherent; no blocking residue found."
"docs/audit/e7/final_database_validation.md","documentation","audit","documentation","Product, architecture, audit, migration, or release record represented by final_database_validation.md.","false","linked_or_historical_record","gate_or_not_applicable","self","false","reviewed","retain","Reviewed in E7; responsibility and location are coherent; no blocking residue found."
"docs/audit/e7/final_dead_code_and_residue_scan.md","documentation","audit","documentation","Product, architecture, audit, migration, or release record represented by final_dead_code_and_residue_scan.md.","false","linked_or_historical_record","gate_or_not_applicable","self","false","low","retain","Reviewed in E7; responsibility and location are coherent; no blocking residue found."
"docs/audit/e7/final_dependency_map.md","documentation","audit","documentation","Product, architecture, audit, migration, or release record represented by final_dependency_map.md.","false","linked_or_historical_record","gate_or_not_applicable","self","false","low","retain","Reviewed in E7; responsibility and location are coherent; no blocking residue found."
"docs/audit/e7/final_repository_file_review.csv","documentation","audit","documentation","Product, architecture, audit, migration, or release record represented by final_repository_file_review.csv.","false","linked_or_historical_record","gate_or_not_applicable","self","false","low","retain","Reviewed in E7; responsibility and location are coherent; no blocking residue found."
"docs/audit/e7/final_risk_register.md","documentation","audit","documentation","Product, architecture, audit, migration, or release record represented by final_risk_register.md.","false","linked_or_historical_record","gate_or_not_applicable","self","false","low","retain","Reviewed in E7; responsibility and location are coherent; no blocking residue found."
"docs/build/generated_files_policy.md","documentation","cross_cutting","documentation","Product, architecture, audit, migration, or release record represented by generated_files_policy.md.","false","linked_or_historical_record","gate_or_not_applicable","self","true","low","retain","Reviewed in E7; responsibility and location are coherent; no blocking residue found."
"docs/build/release_build_and_packaging.md","documentation","cross_cutting","documentation","Product, architecture, audit, migration, or release record represented by release_build_and_packaging.md.","false","linked_or_historical_record","gate_or_not_applicable","self","true","low","retain","Reviewed in E7; responsibility and location are coherent; no blocking residue found."
"docs/checksums_v0_2_0_rc1.txt","documentation","cross_cutting","documentation","Product, architecture, audit, migration, or release record represented by checksums_v0_2_0_rc1.txt.","false","linked_or_historical_record","gate_or_not_applicable","self","false","low","retain","Reviewed in E7; responsibility and location are coherent; no blocking residue found."
"docs/checksums_v0_2_0.txt","documentation","cross_cutting","documentation","Product, architecture, audit, migration, or release record represented by checksums_v0_2_0.txt.","false","linked_or_historical_record","gate_or_not_applicable","self","false","low","retain","Reviewed in E7; responsibility and location are coherent; no blocking residue found."
"docs/checksums_v0_3_0_rc1.txt","documentation","cross_cutting","documentation","Product, architecture, audit, migration, or release record represented by checksums_v0_3_0_rc1.txt.","false","linked_or_historical_record","gate_or_not_applicable","self","false","low","retain","Reviewed in E7; responsibility and location are coherent; no blocking residue found."
"docs/domain/domain_data_ownership.md","documentation","cross_cutting","domain","Product, architecture, audit, migration, or release record represented by domain_data_ownership.md.","false","linked_or_historical_record","gate_or_not_applicable","self","false","low","retain","Reviewed in E7; responsibility and location are coherent; no blocking residue found."
"docs/export/library_export_format_v1.md","documentation","cross_cutting","documentation","Product, architecture, audit, migration, or release record represented by library_export_format_v1.md.","false","linked_or_historical_record","gate_or_not_applicable","self","false","reviewed","retain","Reviewed in E7; responsibility and location are coherent; no blocking residue found."
"docs/install_and_portability.md","documentation","cross_cutting","documentation","Product, architecture, audit, migration, or release record represented by install_and_portability.md.","false","linked_or_historical_record","gate_or_not_applicable","self","true","low","retain","Reviewed in E7; responsibility and location are coherent; no blocking residue found."
"docs/migrations/offline_schema_5_to_6.md","documentation","cross_cutting","documentation","Product, architecture, audit, migration, or release record represented by offline_schema_5_to_6.md.","false","linked_or_historical_record","gate_or_not_applicable","self","false","reviewed","retain","Reviewed in E7; responsibility and location are coherent; no blocking residue found."
"docs/planning/branch_consolidation_plan.md","documentation","cross_cutting","documentation","Product, architecture, audit, migration, or release record represented by branch_consolidation_plan.md.","false","linked_or_historical_record","gate_or_not_applicable","self","false","low","retain","Reviewed in E7; responsibility and location are coherent; no blocking residue found."
"docs/planning/e2_completion_report.md","documentation","cross_cutting","documentation","Product, architecture, audit, migration, or release record represented by e2_completion_report.md.","false","linked_or_historical_record","gate_or_not_applicable","self","false","low","retain","Reviewed in E7; responsibility and location are coherent; no blocking residue found."
"docs/planning/e2_sync_removal_plan.md","documentation","cross_cutting","documentation","Product, architecture, audit, migration, or release record represented by e2_sync_removal_plan.md.","false","linked_or_historical_record","gate_or_not_applicable","self","false","low","retain","Reviewed in E7; responsibility and location are coherent; no blocking residue found."
"docs/planning/e3_completion_report.md","documentation","cross_cutting","documentation","Product, architecture, audit, migration, or release record represented by e3_completion_report.md.","false","linked_or_historical_record","gate_or_not_applicable","self","false","low","retain","Reviewed in E7; responsibility and location are coherent; no blocking residue found."
"docs/planning/e4_completion_report.md","documentation","cross_cutting","documentation","Product, architecture, audit, migration, or release record represented by e4_completion_report.md.","false","linked_or_historical_record","gate_or_not_applicable","self","false","low","retain","Reviewed in E7; responsibility and location are coherent; no blocking residue found."
"docs/planning/e5_completion_report.md","documentation","cross_cutting","documentation","Product, architecture, audit, migration, or release record represented by e5_completion_report.md.","false","linked_or_historical_record","gate_or_not_applicable","self","false","low","retain","Reviewed in E7; responsibility and location are coherent; no blocking residue found."
"docs/planning/e6_completion_report.md","documentation","cross_cutting","documentation","Product, architecture, audit, migration, or release record represented by e6_completion_report.md.","false","linked_or_historical_record","gate_or_not_applicable","self","false","low","retain","Reviewed in E7; responsibility and location are coherent; no blocking residue found."
"docs/planning/offline_product_scope.md","documentation","cross_cutting","documentation","Product, architecture, audit, migration, or release record represented by offline_product_scope.md.","false","linked_or_historical_record","gate_or_not_applicable","self","false","low","retain","Reviewed in E7; responsibility and location are coherent; no blocking residue found."
"docs/planning/repository_weight_reduction_plan.md","documentation","cross_cutting","documentation","Product, architecture, audit, migration, or release record represented by repository_weight_reduction_plan.md.","false","linked_or_historical_record","gate_or_not_applicable","self","false","low","retain","Reviewed in E7; responsibility and location are coherent; no blocking residue found."
"docs/planning/revised_delivery_plan.md","documentation","cross_cutting","documentation","Product, architecture, audit, migration, or release record represented by revised_delivery_plan.md.","false","linked_or_historical_record","gate_or_not_applicable","self","false","low","retain","Reviewed in E7; responsibility and location are coherent; no blocking residue found."
"docs/presentation/component_guidelines.md","documentation","cross_cutting","presentation","Product, architecture, audit, migration, or release record represented by component_guidelines.md.","false","linked_or_historical_record","gate_or_not_applicable","self","false","low","retain","Reviewed in E7; responsibility and location are coherent; no blocking residue found."
"docs/presentation/responsive_guidelines.md","documentation","cross_cutting","presentation","Product, architecture, audit, migration, or release record represented by responsive_guidelines.md.","false","linked_or_historical_record","gate_or_not_applicable","self","false","low","retain","Reviewed in E7; responsibility and location are coherent; no blocking residue found."
"docs/presentation/ux_copy_glossary.md","documentation","cross_cutting","presentation","Product, architecture, audit, migration, or release record represented by ux_copy_glossary.md.","false","linked_or_historical_record","gate_or_not_applicable","self","false","low","retain","Reviewed in E7; responsibility and location are coherent; no blocking residue found."
"docs/product/offline_workflows.md","documentation","cross_cutting","documentation","Product, architecture, audit, migration, or release record represented by offline_workflows.md.","false","linked_or_historical_record","gate_or_not_applicable","self","false","low","retain","Reviewed in E7; responsibility and location are coherent; no blocking residue found."
"docs/qa_v0_2_checklist.md","documentation","cross_cutting","documentation","Product, architecture, audit, migration, or release record represented by qa_v0_2_checklist.md.","false","linked_or_historical_record","gate_or_not_applicable","self","false","low","retain","Reviewed in E7; responsibility and location are coherent; no blocking residue found."
"docs/qa_v0_3_checklist.md","documentation","cross_cutting","documentation","Product, architecture, audit, migration, or release record represented by qa_v0_3_checklist.md.","false","linked_or_historical_record","gate_or_not_applicable","self","false","low","retain","Reviewed in E7; responsibility and location are coherent; no blocking residue found."
"docs/qa_v1_checklist.md","documentation","cross_cutting","documentation","Product, architecture, audit, migration, or release record represented by qa_v1_checklist.md.","false","linked_or_historical_record","gate_or_not_applicable","self","false","low","retain","Reviewed in E7; responsibility and location are coherent; no blocking residue found."
"docs/release_notes_v0_2.md","documentation","cross_cutting","documentation","Product, architecture, audit, migration, or release record represented by release_notes_v0_2.md.","false","linked_or_historical_record","gate_or_not_applicable","self","false","low","retain","Reviewed in E7; responsibility and location are coherent; no blocking residue found."
"docs/release_notes_v0_3.md","documentation","cross_cutting","documentation","Product, architecture, audit, migration, or release record represented by release_notes_v0_3.md.","false","linked_or_historical_record","gate_or_not_applicable","self","false","low","retain","Reviewed in E7; responsibility and location are coherent; no blocking residue found."
"docs/release_notes_v1.md","documentation","cross_cutting","documentation","Product, architecture, audit, migration, or release record represented by release_notes_v1.md.","false","linked_or_historical_record","gate_or_not_applicable","self","false","low","retain","Reviewed in E7; responsibility and location are coherent; no blocking residue found."
"docs/release/known_toolchain_warnings_v1_0_0_rc1.md","documentation","release","documentation","Product, architecture, audit, migration, or release record represented by known_toolchain_warnings_v1_0_0_rc1.md.","false","linked_or_historical_record","gate_or_not_applicable","self","true","low","retain","Reviewed in E7; responsibility and location are coherent; no blocking residue found."
"docs/release/qa_checklist_v1_0_0_rc1.md","documentation","release","documentation","Product, architecture, audit, migration, or release record represented by qa_checklist_v1_0_0_rc1.md.","false","linked_or_historical_record","gate_or_not_applicable","self","true","low","retain","Reviewed in E7; responsibility and location are coherent; no blocking residue found."
"docs/release/release_notes_v1_0_0_rc1.md","documentation","release","documentation","Product, architecture, audit, migration, or release record represented by release_notes_v1_0_0_rc1.md.","false","linked_or_historical_record","gate_or_not_applicable","self","true","low","retain","Reviewed in E7; responsibility and location are coherent; no blocking residue found."
"l10n.yaml","repository_configuration","cross_cutting","configuration","Repository metadata, dependency, localization, or build configuration.","false","build_or_runtime_graph","gate_or_not_applicable","README_and_scoped_docs","false","low","retain","Reviewed in E7; responsibility and location are coherent; no blocking residue found."
"lib/app/bootstrap/backlog_vault_app.dart","product_source","app_shell","configuration","Runtime responsibility represented by backlog_vault_app.dart within its declared feature/layer.","false","build_or_runtime_graph","mirrored_or_integration_suite","README_and_scoped_docs","false","low","retain","Reviewed in E7; responsibility and location are coherent; no blocking residue found."
"lib/app/routing/app_router.dart","product_source","app_shell","configuration","Runtime responsibility represented by app_router.dart within its declared feature/layer.","false","build_or_runtime_graph","mirrored_or_integration_suite","README_and_scoped_docs","false","low","retain","Reviewed in E7; responsibility and location are coherent; no blocking residue found."
"lib/app/routing/app_shell.dart","product_source","app_shell","configuration","Runtime responsibility represented by app_shell.dart within its declared feature/layer.","false","build_or_runtime_graph","mirrored_or_integration_suite","README_and_scoped_docs","false","low","retain","Reviewed in E7; responsibility and location are coherent; no blocking residue found."
"lib/app/theme/app_theme.dart","product_source","app_shell","configuration","Runtime responsibility represented by app_theme.dart within its declared feature/layer.","false","build_or_runtime_graph","mirrored_or_integration_suite","README_and_scoped_docs","false","low","retain","Reviewed in E7; responsibility and location are coherent; no blocking residue found."
"lib/core/database/app_database.dart","product_source","core_database","configuration","Runtime responsibility represented by app_database.dart within its declared feature/layer.","false","build_or_runtime_graph","mirrored_or_integration_suite","README_and_scoped_docs","true","reviewed","retain","Reviewed in E7; responsibility and location are coherent; no blocking residue found."
"lib/core/database/app_database.g.dart","product_source","core_database","configuration","Runtime responsibility represented by app_database.g.dart within its declared feature/layer.","true","build_or_runtime_graph","mirrored_or_integration_suite","README_and_scoped_docs","true","reviewed","retain","Generated file; regenerate from tracked inputs, do not hand-edit."
"lib/core/database/database_providers.dart","product_source","core_database","configuration","Runtime responsibility represented by database_providers.dart within its declared feature/layer.","false","build_or_runtime_graph","mirrored_or_integration_suite","README_and_scoped_docs","true","reviewed","retain","Reviewed in E7; responsibility and location are coherent; no blocking residue found."
"lib/core/database/tables.dart","product_source","core_database","configuration","Runtime responsibility represented by tables.dart within its declared feature/layer.","false","build_or_runtime_graph","mirrored_or_integration_suite","README_and_scoped_docs","true","reviewed","retain","Reviewed in E7; responsibility and location are coherent; no blocking residue found."
"lib/core/design_system/bv_action_card.dart","product_source","core_design_system","configuration","Runtime responsibility represented by bv_action_card.dart within its declared feature/layer.","false","build_or_runtime_graph","mirrored_or_integration_suite","README_and_scoped_docs","false","low","retain","Reviewed in E7; responsibility and location are coherent; no blocking residue found."
"lib/core/design_system/bv_async_action_button.dart","product_source","core_design_system","configuration","Runtime responsibility represented by bv_async_action_button.dart within its declared feature/layer.","false","build_or_runtime_graph","mirrored_or_integration_suite","README_and_scoped_docs","false","low","retain","Reviewed in E7; responsibility and location are coherent; no blocking residue found."
"lib/core/design_system/bv_breakpoints.dart","product_source","core_design_system","configuration","Runtime responsibility represented by bv_breakpoints.dart within its declared feature/layer.","false","build_or_runtime_graph","mirrored_or_integration_suite","README_and_scoped_docs","false","low","retain","Reviewed in E7; responsibility and location are coherent; no blocking residue found."
"lib/core/design_system/bv_chip.dart","product_source","core_design_system","configuration","Runtime responsibility represented by bv_chip.dart within its declared feature/layer.","false","build_or_runtime_graph","mirrored_or_integration_suite","README_and_scoped_docs","false","low","retain","Reviewed in E7; responsibility and location are coherent; no blocking residue found."
"lib/core/design_system/bv_danger_zone.dart","product_source","core_design_system","configuration","Runtime responsibility represented by bv_danger_zone.dart within its declared feature/layer.","false","build_or_runtime_graph","mirrored_or_integration_suite","README_and_scoped_docs","false","low","retain","Reviewed in E7; responsibility and location are coherent; no blocking residue found."
"lib/core/design_system/bv_empty_state.dart","product_source","core_design_system","configuration","Runtime responsibility represented by bv_empty_state.dart within its declared feature/layer.","false","build_or_runtime_graph","mirrored_or_integration_suite","README_and_scoped_docs","false","low","retain","Reviewed in E7; responsibility and location are coherent; no blocking residue found."
"lib/core/design_system/bv_error_state.dart","product_source","core_design_system","configuration","Runtime responsibility represented by bv_error_state.dart within its declared feature/layer.","false","build_or_runtime_graph","mirrored_or_integration_suite","README_and_scoped_docs","false","low","retain","Reviewed in E7; responsibility and location are coherent; no blocking residue found."
"lib/core/design_system/bv_feedback.dart","product_source","core_design_system","configuration","Runtime responsibility represented by bv_feedback.dart within its declared feature/layer.","false","build_or_runtime_graph","mirrored_or_integration_suite","README_and_scoped_docs","false","low","retain","Reviewed in E7; responsibility and location are coherent; no blocking residue found."
"lib/core/design_system/bv_key_value_row.dart","product_source","core_design_system","configuration","Runtime responsibility represented by bv_key_value_row.dart within its declared feature/layer.","false","build_or_runtime_graph","mirrored_or_integration_suite","README_and_scoped_docs","false","low","retain","Reviewed in E7; responsibility and location are coherent; no blocking residue found."
"lib/core/design_system/bv_layout.dart","product_source","core_design_system","configuration","Runtime responsibility represented by bv_layout.dart within its declared feature/layer.","false","build_or_runtime_graph","mirrored_or_integration_suite","README_and_scoped_docs","false","low","retain","Reviewed in E7; responsibility and location are coherent; no blocking residue found."
"lib/core/design_system/bv_loading_state.dart","product_source","core_design_system","configuration","Runtime responsibility represented by bv_loading_state.dart within its declared feature/layer.","false","build_or_runtime_graph","mirrored_or_integration_suite","README_and_scoped_docs","false","low","retain","Reviewed in E7; responsibility and location are coherent; no blocking residue found."
"lib/core/design_system/bv_page_scaffold.dart","product_source","core_design_system","configuration","Runtime responsibility represented by bv_page_scaffold.dart within its declared feature/layer.","false","build_or_runtime_graph","mirrored_or_integration_suite","README_and_scoped_docs","false","low","retain","Reviewed in E7; responsibility and location are coherent; no blocking residue found."
"lib/core/design_system/bv_panel.dart","product_source","core_design_system","configuration","Runtime responsibility represented by bv_panel.dart within its declared feature/layer.","false","build_or_runtime_graph","mirrored_or_integration_suite","README_and_scoped_docs","false","low","retain","Reviewed in E7; responsibility and location are coherent; no blocking residue found."
"lib/core/design_system/bv_progress_panel.dart","product_source","core_design_system","configuration","Runtime responsibility represented by bv_progress_panel.dart within its declared feature/layer.","false","build_or_runtime_graph","mirrored_or_integration_suite","README_and_scoped_docs","false","low","retain","Reviewed in E7; responsibility and location are coherent; no blocking residue found."
"lib/core/design_system/bv_section.dart","product_source","core_design_system","configuration","Runtime responsibility represented by bv_section.dart within its declared feature/layer.","false","build_or_runtime_graph","mirrored_or_integration_suite","README_and_scoped_docs","false","low","retain","Reviewed in E7; responsibility and location are coherent; no blocking residue found."
"lib/core/design_system/bv_spacing.dart","product_source","core_design_system","configuration","Runtime responsibility represented by bv_spacing.dart within its declared feature/layer.","false","build_or_runtime_graph","mirrored_or_integration_suite","README_and_scoped_docs","false","low","retain","Reviewed in E7; responsibility and location are coherent; no blocking residue found."
"lib/core/design_system/bv_stat_card.dart","product_source","core_design_system","configuration","Runtime responsibility represented by bv_stat_card.dart within its declared feature/layer.","false","build_or_runtime_graph","mirrored_or_integration_suite","README_and_scoped_docs","false","low","retain","Reviewed in E7; responsibility and location are coherent; no blocking residue found."
"lib/core/design_system/bv_status_banner.dart","product_source","core_design_system","configuration","Runtime responsibility represented by bv_status_banner.dart within its declared feature/layer.","false","build_or_runtime_graph","mirrored_or_integration_suite","README_and_scoped_docs","false","low","retain","Reviewed in E7; responsibility and location are coherent; no blocking residue found."
"lib/core/design_system/bv_surface.dart","product_source","core_design_system","configuration","Runtime responsibility represented by bv_surface.dart within its declared feature/layer.","false","build_or_runtime_graph","mirrored_or_integration_suite","README_and_scoped_docs","false","low","retain","Reviewed in E7; responsibility and location are coherent; no blocking residue found."
"lib/core/design_system/bv_theme_extension.dart","product_source","core_design_system","configuration","Runtime responsibility represented by bv_theme_extension.dart within its declared feature/layer.","false","build_or_runtime_graph","mirrored_or_integration_suite","README_and_scoped_docs","false","low","retain","Reviewed in E7; responsibility and location are coherent; no blocking residue found."
"lib/core/design_system/bv_tokens.dart","product_source","core_design_system","configuration","Runtime responsibility represented by bv_tokens.dart within its declared feature/layer.","false","build_or_runtime_graph","mirrored_or_integration_suite","README_and_scoped_docs","false","low","retain","Reviewed in E7; responsibility and location are coherent; no blocking residue found."
"lib/core/design_system/bv_wizard_step.dart","product_source","core_design_system","configuration","Runtime responsibility represented by bv_wizard_step.dart within its declared feature/layer.","false","build_or_runtime_graph","mirrored_or_integration_suite","README_and_scoped_docs","false","low","retain","Reviewed in E7; responsibility and location are coherent; no blocking residue found."
"lib/core/errors/app_exception.dart","product_source","core_errors","configuration","Runtime responsibility represented by app_exception.dart within its declared feature/layer.","false","build_or_runtime_graph","mirrored_or_integration_suite","README_and_scoped_docs","false","low","retain","Reviewed in E7; responsibility and location are coherent; no blocking residue found."
"lib/core/formatting/date_formatters.dart","product_source","core_formatting","configuration","Runtime responsibility represented by date_formatters.dart within its declared feature/layer.","false","build_or_runtime_graph","mirrored_or_integration_suite","README_and_scoped_docs","false","low","retain","Reviewed in E7; responsibility and location are coherent; no blocking residue found."
"lib/core/ids/id_generator.dart","product_source","core_ids","configuration","Runtime responsibility represented by id_generator.dart within its declared feature/layer.","false","build_or_runtime_graph","mirrored_or_integration_suite","README_and_scoped_docs","false","low","retain","Reviewed in E7; responsibility and location are coherent; no blocking residue found."
"lib/core/privacy/privacy_redactor.dart","product_source","core_privacy","configuration","Runtime responsibility represented by privacy_redactor.dart within its declared feature/layer.","false","build_or_runtime_graph","mirrored_or_integration_suite","README_and_scoped_docs","false","reviewed","retain","Reviewed in E7; responsibility and location are coherent; no blocking residue found."
"lib/core/storage/offline_secure_storage_cleanup.dart","product_source","core_storage","configuration","Runtime responsibility represented by offline_secure_storage_cleanup.dart within its declared feature/layer.","false","build_or_runtime_graph","mirrored_or_integration_suite","README_and_scoped_docs","false","reviewed","retain","Reviewed in E7; responsibility and location are coherent; no blocking residue found."
"lib/core/time/clock.dart","product_source","core_time","configuration","Runtime responsibility represented by clock.dart within its declared feature/layer.","false","build_or_runtime_graph","mirrored_or_integration_suite","README_and_scoped_docs","false","low","retain","Reviewed in E7; responsibility and location are coherent; no blocking residue found."
"lib/core/version/app_versions.dart","product_source","core_version","configuration","Runtime responsibility represented by app_versions.dart within its declared feature/layer.","false","build_or_runtime_graph","mirrored_or_integration_suite","README_and_scoped_docs","true","low","retain","Reviewed in E7; responsibility and location are coherent; no blocking residue found."
"lib/core/widgets/dropdown_value_guard.dart","product_source","core_widgets","configuration","Runtime responsibility represented by dropdown_value_guard.dart within its declared feature/layer.","false","build_or_runtime_graph","mirrored_or_integration_suite","README_and_scoped_docs","false","low","retain","Reviewed in E7; responsibility and location are coherent; no blocking residue found."
"lib/features/bulk_metadata_import/application/apply_bulk_metadata_plan_use_case.dart","product_source","bulk_metadata_import","application","Runtime responsibility represented by apply_bulk_metadata_plan_use_case.dart within its declared feature/layer.","false","build_or_runtime_graph","mirrored_or_integration_suite","README_and_scoped_docs","false","low","retain","Reviewed in E7; responsibility and location are coherent; no blocking residue found."
"lib/features/bulk_metadata_import/application/build_bulk_metadata_plan_use_case.dart","product_source","bulk_metadata_import","application","Runtime responsibility represented by build_bulk_metadata_plan_use_case.dart within its declared feature/layer.","false","build_or_runtime_graph","mirrored_or_integration_suite","README_and_scoped_docs","false","low","retain","Reviewed in E7; responsibility and location are coherent; no blocking residue found."
"lib/features/bulk_metadata_import/application/bulk_cover_plan_resolver.dart","product_source","bulk_metadata_import","application","Runtime responsibility represented by bulk_cover_plan_resolver.dart within its declared feature/layer.","false","build_or_runtime_graph","mirrored_or_integration_suite","README_and_scoped_docs","false","low","retain","Reviewed in E7; responsibility and location are coherent; no blocking residue found."
"lib/features/bulk_metadata_import/application/bulk_import_scope_filter.dart","product_source","bulk_metadata_import","application","Runtime responsibility represented by bulk_import_scope_filter.dart within its declared feature/layer.","false","build_or_runtime_graph","mirrored_or_integration_suite","README_and_scoped_docs","false","low","retain","Reviewed in E7; responsibility and location are coherent; no blocking residue found."
"lib/features/bulk_metadata_import/application/bulk_match_scorer.dart","product_source","bulk_metadata_import","application","Runtime responsibility represented by bulk_match_scorer.dart within its declared feature/layer.","false","build_or_runtime_graph","mirrored_or_integration_suite","README_and_scoped_docs","false","low","retain","Reviewed in E7; responsibility and location are coherent; no blocking residue found."
"lib/features/bulk_metadata_import/application/bulk_metadata_diff_builder.dart","product_source","bulk_metadata_import","application","Runtime responsibility represented by bulk_metadata_diff_builder.dart within its declared feature/layer.","false","build_or_runtime_graph","mirrored_or_integration_suite","README_and_scoped_docs","false","low","retain","Reviewed in E7; responsibility and location are coherent; no blocking residue found."
"lib/features/bulk_metadata_import/application/bulk_metadata_import_providers.dart","product_source","bulk_metadata_import","application","Runtime responsibility represented by bulk_metadata_import_providers.dart within its declared feature/layer.","false","build_or_runtime_graph","mirrored_or_integration_suite","README_and_scoped_docs","false","low","retain","Reviewed in E7; responsibility and location are coherent; no blocking residue found."
"lib/features/bulk_metadata_import/domain/bulk_metadata_import_models.dart","product_source","bulk_metadata_import","domain","Runtime responsibility represented by bulk_metadata_import_models.dart within its declared feature/layer.","false","build_or_runtime_graph","mirrored_or_integration_suite","README_and_scoped_docs","false","low","retain","Reviewed in E7; responsibility and location are coherent; no blocking residue found."
"lib/features/bulk_metadata_import/presentation/bulk_metadata_import_page.dart","product_source","bulk_metadata_import","presentation","Runtime responsibility represented by bulk_metadata_import_page.dart within its declared feature/layer.","false","build_or_runtime_graph","mirrored_or_integration_suite","README_and_scoped_docs","false","low","retain","Reviewed in E7; responsibility and location are coherent; no blocking residue found."
"lib/features/bulk_metadata_import/presentation/parts/bulk_apply_confirmation.dart","product_source","bulk_metadata_import","presentation","Runtime responsibility represented by bulk_apply_confirmation.dart within its declared feature/layer.","false","build_or_runtime_graph","mirrored_or_integration_suite","README_and_scoped_docs","false","low","retain","Reviewed in E7; responsibility and location are coherent; no blocking residue found."
"lib/features/bulk_metadata_import/presentation/parts/bulk_options.dart","product_source","bulk_metadata_import","presentation","Runtime responsibility represented by bulk_options.dart within its declared feature/layer.","false","build_or_runtime_graph","mirrored_or_integration_suite","README_and_scoped_docs","false","low","retain","Reviewed in E7; responsibility and location are coherent; no blocking residue found."
"lib/features/bulk_metadata_import/presentation/parts/bulk_preview.dart","product_source","bulk_metadata_import","presentation","Runtime responsibility represented by bulk_preview.dart within its declared feature/layer.","false","build_or_runtime_graph","mirrored_or_integration_suite","README_and_scoped_docs","false","low","retain","Reviewed in E7; responsibility and location are coherent; no blocking residue found."
"lib/features/bulk_metadata_import/presentation/parts/bulk_result.dart","product_source","bulk_metadata_import","presentation","Runtime responsibility represented by bulk_result.dart within its declared feature/layer.","false","build_or_runtime_graph","mirrored_or_integration_suite","README_and_scoped_docs","false","low","retain","Reviewed in E7; responsibility and location are coherent; no blocking residue found."
"lib/features/catalogs/application/catalog_controller.dart","product_source","catalogs","application","Runtime responsibility represented by catalog_controller.dart within its declared feature/layer.","false","build_or_runtime_graph","mirrored_or_integration_suite","README_and_scoped_docs","false","low","retain","Reviewed in E7; responsibility and location are coherent; no blocking residue found."
"lib/features/catalogs/data/catalog_repository.dart","product_source","catalogs","data","Runtime responsibility represented by catalog_repository.dart within its declared feature/layer.","false","build_or_runtime_graph","mirrored_or_integration_suite","README_and_scoped_docs","false","low","retain","Reviewed in E7; responsibility and location are coherent; no blocking residue found."
"lib/features/catalogs/domain/catalog_item.dart","product_source","catalogs","domain","Runtime responsibility represented by catalog_item.dart within its declared feature/layer.","false","build_or_runtime_graph","mirrored_or_integration_suite","README_and_scoped_docs","false","low","retain","Reviewed in E7; responsibility and location are coherent; no blocking residue found."
"lib/features/catalogs/domain/catalog_normalizer.dart","product_source","catalogs","domain","Runtime responsibility represented by catalog_normalizer.dart within its declared feature/layer.","false","build_or_runtime_graph","mirrored_or_integration_suite","README_and_scoped_docs","false","low","retain","Reviewed in E7; responsibility and location are coherent; no blocking residue found."
"lib/features/games/application/game_form_model.dart","product_source","games","application","Runtime responsibility represented by game_form_model.dart within its declared feature/layer.","false","build_or_runtime_graph","mirrored_or_integration_suite","README_and_scoped_docs","false","low","retain","Reviewed in E7; responsibility and location are coherent; no blocking residue found."
"lib/features/games/application/game_progress_summary.dart","product_source","games","application","Runtime responsibility represented by game_progress_summary.dart within its declared feature/layer.","false","build_or_runtime_graph","mirrored_or_integration_suite","README_and_scoped_docs","false","low","retain","Reviewed in E7; responsibility and location are coherent; no blocking residue found."
"lib/features/games/application/game_view_models.dart","product_source","games","application","Runtime responsibility represented by game_view_models.dart within its declared feature/layer.","false","build_or_runtime_graph","mirrored_or_integration_suite","README_and_scoped_docs","false","low","retain","Reviewed in E7; responsibility and location are coherent; no blocking residue found."
"lib/features/games/application/library_game_details.dart","product_source","games","application","Runtime responsibility represented by library_game_details.dart within its declared feature/layer.","false","build_or_runtime_graph","mirrored_or_integration_suite","README_and_scoped_docs","false","low","retain","Reviewed in E7; responsibility and location are coherent; no blocking residue found."
"lib/features/games/data/game_repository.dart","product_source","games","data","Runtime responsibility represented by game_repository.dart within its declared feature/layer.","false","build_or_runtime_graph","mirrored_or_integration_suite","README_and_scoped_docs","false","low","retain","Reviewed in E7; responsibility and location are coherent; no blocking residue found."
"lib/features/games/presentation/game_detail_page.dart","product_source","games","presentation","Runtime responsibility represented by game_detail_page.dart within its declared feature/layer.","false","build_or_runtime_graph","mirrored_or_integration_suite","README_and_scoped_docs","false","low","retain","Reviewed in E7; responsibility and location are coherent; no blocking residue found."
"lib/features/games/presentation/game_form_page.dart","product_source","games","presentation","Runtime responsibility represented by game_form_page.dart within its declared feature/layer.","false","build_or_runtime_graph","mirrored_or_integration_suite","README_and_scoped_docs","false","low","retain","Reviewed in E7; responsibility and location are coherent; no blocking residue found."
"lib/features/games/presentation/parts/game_detail_actions.dart","product_source","games","presentation","Runtime responsibility represented by game_detail_actions.dart within its declared feature/layer.","false","build_or_runtime_graph","mirrored_or_integration_suite","README_and_scoped_docs","false","low","retain","Reviewed in E7; responsibility and location are coherent; no blocking residue found."
"lib/features/games/presentation/parts/game_detail_sections.dart","product_source","games","presentation","Runtime responsibility represented by game_detail_sections.dart within its declared feature/layer.","false","build_or_runtime_graph","mirrored_or_integration_suite","README_and_scoped_docs","false","low","retain","Reviewed in E7; responsibility and location are coherent; no blocking residue found."
"lib/features/games/presentation/parts/game_form_metadata.dart","product_source","games","presentation","Runtime responsibility represented by game_form_metadata.dart within its declared feature/layer.","false","build_or_runtime_graph","mirrored_or_integration_suite","README_and_scoped_docs","false","low","retain","Reviewed in E7; responsibility and location are coherent; no blocking residue found."
"lib/features/games/presentation/parts/game_form_sections.dart","product_source","games","presentation","Runtime responsibility represented by game_form_sections.dart within its declared feature/layer.","false","build_or_runtime_graph","mirrored_or_integration_suite","README_and_scoped_docs","false","low","retain","Reviewed in E7; responsibility and location are coherent; no blocking residue found."
"lib/features/games/presentation/parts/playthrough_dialogs.dart","product_source","games","presentation","Runtime responsibility represented by playthrough_dialogs.dart within its declared feature/layer.","false","build_or_runtime_graph","mirrored_or_integration_suite","README_and_scoped_docs","false","low","retain","Reviewed in E7; responsibility and location are coherent; no blocking residue found."
"lib/features/import_export/library_export/application/library_export_controller.dart","product_source","import_export","application","Runtime responsibility represented by library_export_controller.dart within its declared feature/layer.","false","build_or_runtime_graph","mirrored_or_integration_suite","README_and_scoped_docs","true","reviewed","retain","Reviewed in E7; responsibility and location are coherent; no blocking residue found."
"lib/features/import_export/library_export/data/library_export_file_saver.dart","product_source","import_export","data","Runtime responsibility represented by library_export_file_saver.dart within its declared feature/layer.","false","build_or_runtime_graph","mirrored_or_integration_suite","README_and_scoped_docs","true","reviewed","retain","Reviewed in E7; responsibility and location are coherent; no blocking residue found."
"lib/features/import_export/library_export/data/library_export_repository.dart","product_source","import_export","data","Runtime responsibility represented by library_export_repository.dart within its declared feature/layer.","false","build_or_runtime_graph","mirrored_or_integration_suite","README_and_scoped_docs","true","reviewed","retain","Reviewed in E7; responsibility and location are coherent; no blocking residue found."
"lib/features/import_export/library_export/domain/library_export_document.dart","product_source","import_export","domain","Runtime responsibility represented by library_export_document.dart within its declared feature/layer.","false","build_or_runtime_graph","mirrored_or_integration_suite","README_and_scoped_docs","true","reviewed","retain","Reviewed in E7; responsibility and location are coherent; no blocking residue found."
"lib/features/import_export/notion_csv/application/build_import_preview_use_case.dart","product_source","import_export","application","Runtime responsibility represented by build_import_preview_use_case.dart within its declared feature/layer.","false","build_or_runtime_graph","mirrored_or_integration_suite","README_and_scoped_docs","true","reviewed","retain","Reviewed in E7; responsibility and location are coherent; no blocking residue found."
"lib/features/import_export/notion_csv/application/csv_normalizer.dart","product_source","import_export","application","Runtime responsibility represented by csv_normalizer.dart within its declared feature/layer.","false","build_or_runtime_graph","mirrored_or_integration_suite","README_and_scoped_docs","true","reviewed","retain","Reviewed in E7; responsibility and location are coherent; no blocking residue found."
"lib/features/import_export/notion_csv/application/detect_notion_csv_mapping_use_case.dart","product_source","import_export","application","Runtime responsibility represented by detect_notion_csv_mapping_use_case.dart within its declared feature/layer.","false","build_or_runtime_graph","mirrored_or_integration_suite","README_and_scoped_docs","true","reviewed","retain","Reviewed in E7; responsibility and location are coherent; no blocking residue found."
"lib/features/import_export/notion_csv/application/duplicate_detector.dart","product_source","import_export","application","Runtime responsibility represented by duplicate_detector.dart within its declared feature/layer.","false","build_or_runtime_graph","mirrored_or_integration_suite","README_and_scoped_docs","true","reviewed","retain","Reviewed in E7; responsibility and location are coherent; no blocking residue found."
"lib/features/import_export/notion_csv/application/import_notion_csv_use_case.dart","product_source","import_export","application","Runtime responsibility represented by import_notion_csv_use_case.dart within its declared feature/layer.","false","build_or_runtime_graph","mirrored_or_integration_suite","README_and_scoped_docs","true","reviewed","retain","Reviewed in E7; responsibility and location are coherent; no blocking residue found."
"lib/features/import_export/notion_csv/application/notion_csv_import_providers.dart","product_source","import_export","application","Runtime responsibility represented by notion_csv_import_providers.dart within its declared feature/layer.","false","build_or_runtime_graph","mirrored_or_integration_suite","README_and_scoped_docs","true","reviewed","retain","Reviewed in E7; responsibility and location are coherent; no blocking residue found."
"lib/features/import_export/notion_csv/application/parse_csv_file_use_case.dart","product_source","import_export","application","Runtime responsibility represented by parse_csv_file_use_case.dart within its declared feature/layer.","false","build_or_runtime_graph","mirrored_or_integration_suite","README_and_scoped_docs","true","reviewed","retain","Reviewed in E7; responsibility and location are coherent; no blocking residue found."
"lib/features/import_export/notion_csv/data/csv_file_picker_service.dart","product_source","import_export","data","Runtime responsibility represented by csv_file_picker_service.dart within its declared feature/layer.","false","build_or_runtime_graph","mirrored_or_integration_suite","README_and_scoped_docs","true","reviewed","retain","Reviewed in E7; responsibility and location are coherent; no blocking residue found."
"lib/features/import_export/notion_csv/data/csv_parser.dart","product_source","import_export","data","Runtime responsibility represented by csv_parser.dart within its declared feature/layer.","false","build_or_runtime_graph","mirrored_or_integration_suite","README_and_scoped_docs","true","reviewed","retain","Reviewed in E7; responsibility and location are coherent; no blocking residue found."
"lib/features/import_export/notion_csv/data/notion_csv_import_repository.dart","product_source","import_export","data","Runtime responsibility represented by notion_csv_import_repository.dart within its declared feature/layer.","false","build_or_runtime_graph","mirrored_or_integration_suite","README_and_scoped_docs","true","reviewed","retain","Reviewed in E7; responsibility and location are coherent; no blocking residue found."
"lib/features/import_export/notion_csv/domain/csv_column_mapping.dart","product_source","import_export","domain","Runtime responsibility represented by csv_column_mapping.dart within its declared feature/layer.","false","build_or_runtime_graph","mirrored_or_integration_suite","README_and_scoped_docs","true","reviewed","retain","Reviewed in E7; responsibility and location are coherent; no blocking residue found."
"lib/features/import_export/notion_csv/domain/csv_document.dart","product_source","import_export","domain","Runtime responsibility represented by csv_document.dart within its declared feature/layer.","false","build_or_runtime_graph","mirrored_or_integration_suite","README_and_scoped_docs","true","reviewed","retain","Reviewed in E7; responsibility and location are coherent; no blocking residue found."
"lib/features/import_export/notion_csv/domain/duplicate_candidate.dart","product_source","import_export","domain","Runtime responsibility represented by duplicate_candidate.dart within its declared feature/layer.","false","build_or_runtime_graph","mirrored_or_integration_suite","README_and_scoped_docs","true","reviewed","retain","Reviewed in E7; responsibility and location are coherent; no blocking residue found."
"lib/features/import_export/notion_csv/domain/existing_game_summary.dart","product_source","import_export","domain","Runtime responsibility represented by existing_game_summary.dart within its declared feature/layer.","false","build_or_runtime_graph","mirrored_or_integration_suite","README_and_scoped_docs","true","reviewed","retain","Reviewed in E7; responsibility and location are coherent; no blocking residue found."
"lib/features/import_export/notion_csv/domain/import_field.dart","product_source","import_export","domain","Runtime responsibility represented by import_field.dart within its declared feature/layer.","false","build_or_runtime_graph","mirrored_or_integration_suite","README_and_scoped_docs","true","reviewed","retain","Reviewed in E7; responsibility and location are coherent; no blocking residue found."
"lib/features/import_export/notion_csv/domain/import_issue.dart","product_source","import_export","domain","Runtime responsibility represented by import_issue.dart within its declared feature/layer.","false","build_or_runtime_graph","mirrored_or_integration_suite","README_and_scoped_docs","true","reviewed","retain","Reviewed in E7; responsibility and location are coherent; no blocking residue found."
"lib/features/import_export/notion_csv/domain/import_preview.dart","product_source","import_export","domain","Runtime responsibility represented by import_preview.dart within its declared feature/layer.","false","build_or_runtime_graph","mirrored_or_integration_suite","README_and_scoped_docs","true","reviewed","retain","Reviewed in E7; responsibility and location are coherent; no blocking residue found."
"lib/features/import_export/notion_csv/domain/import_result.dart","product_source","import_export","domain","Runtime responsibility represented by import_result.dart within its declared feature/layer.","false","build_or_runtime_graph","mirrored_or_integration_suite","README_and_scoped_docs","true","reviewed","retain","Reviewed in E7; responsibility and location are coherent; no blocking residue found."
"lib/features/import_export/notion_csv/domain/normalized_import_row.dart","product_source","import_export","domain","Runtime responsibility represented by normalized_import_row.dart within its declared feature/layer.","false","build_or_runtime_graph","mirrored_or_integration_suite","README_and_scoped_docs","true","reviewed","retain","Reviewed in E7; responsibility and location are coherent; no blocking residue found."
"lib/features/import_export/notion_csv/presentation/import_notion_csv_page.dart","product_source","import_export","presentation","Runtime responsibility represented by import_notion_csv_page.dart within its declared feature/layer.","false","build_or_runtime_graph","mirrored_or_integration_suite","README_and_scoped_docs","true","reviewed","retain","Reviewed in E7; responsibility and location are coherent; no blocking residue found."
"lib/features/import_export/notion_csv/presentation/parts/csv_file_step.dart","product_source","import_export","presentation","Runtime responsibility represented by csv_file_step.dart within its declared feature/layer.","false","build_or_runtime_graph","mirrored_or_integration_suite","README_and_scoped_docs","true","reviewed","retain","Reviewed in E7; responsibility and location are coherent; no blocking residue found."
"lib/features/import_export/notion_csv/presentation/parts/csv_mapping_step.dart","product_source","import_export","presentation","Runtime responsibility represented by csv_mapping_step.dart within its declared feature/layer.","false","build_or_runtime_graph","mirrored_or_integration_suite","README_and_scoped_docs","true","reviewed","retain","Reviewed in E7; responsibility and location are coherent; no blocking residue found."
"lib/features/import_export/notion_csv/presentation/parts/csv_preview_step.dart","product_source","import_export","presentation","Runtime responsibility represented by csv_preview_step.dart within its declared feature/layer.","false","build_or_runtime_graph","mirrored_or_integration_suite","README_and_scoped_docs","true","reviewed","retain","Reviewed in E7; responsibility and location are coherent; no blocking residue found."
"lib/features/import_export/notion_csv/presentation/parts/csv_result_step.dart","product_source","import_export","presentation","Runtime responsibility represented by csv_result_step.dart within its declared feature/layer.","false","build_or_runtime_graph","mirrored_or_integration_suite","README_and_scoped_docs","true","reviewed","retain","Reviewed in E7; responsibility and location are coherent; no blocking residue found."
"lib/features/library/application/library_default_views.dart","product_source","library","application","Runtime responsibility represented by library_default_views.dart within its declared feature/layer.","false","build_or_runtime_graph","mirrored_or_integration_suite","README_and_scoped_docs","false","low","retain","Reviewed in E7; responsibility and location are coherent; no blocking residue found."
"lib/features/library/application/library_home_summary.dart","product_source","library","application","Runtime responsibility represented by library_home_summary.dart within its declared feature/layer.","false","build_or_runtime_graph","mirrored_or_integration_suite","README_and_scoped_docs","false","low","retain","Reviewed in E7; responsibility and location are coherent; no blocking residue found."
"lib/features/library/application/library_providers.dart","product_source","library","application","Runtime responsibility represented by library_providers.dart within its declared feature/layer.","false","build_or_runtime_graph","mirrored_or_integration_suite","README_and_scoped_docs","false","low","retain","Reviewed in E7; responsibility and location are coherent; no blocking residue found."
"lib/features/library/application/library_responsive_layout.dart","product_source","library","application","Runtime responsibility represented by library_responsive_layout.dart within its declared feature/layer.","false","build_or_runtime_graph","mirrored_or_integration_suite","README_and_scoped_docs","false","low","retain","Reviewed in E7; responsibility and location are coherent; no blocking residue found."
"lib/features/library/application/library_table_processor.dart","product_source","library","application","Runtime responsibility represented by library_table_processor.dart within its declared feature/layer.","false","build_or_runtime_graph","mirrored_or_integration_suite","README_and_scoped_docs","false","low","retain","Reviewed in E7; responsibility and location are coherent; no blocking residue found."
"lib/features/library/application/library_table_state.dart","product_source","library","application","Runtime responsibility represented by library_table_state.dart within its declared feature/layer.","false","build_or_runtime_graph","mirrored_or_integration_suite","README_and_scoped_docs","false","low","retain","Reviewed in E7; responsibility and location are coherent; no blocking residue found."
"lib/features/library/application/library_view_model.dart","product_source","library","application","Runtime responsibility represented by library_view_model.dart within its declared feature/layer.","false","build_or_runtime_graph","mirrored_or_integration_suite","README_and_scoped_docs","false","low","retain","Reviewed in E7; responsibility and location are coherent; no blocking residue found."
"lib/features/library/data/library_query_repository.dart","product_source","library","data","Runtime responsibility represented by library_query_repository.dart within its declared feature/layer.","false","build_or_runtime_graph","mirrored_or_integration_suite","README_and_scoped_docs","false","low","retain","Reviewed in E7; responsibility and location are coherent; no blocking residue found."
"lib/features/library/data/saved_library_view_repository.dart","product_source","library","data","Runtime responsibility represented by saved_library_view_repository.dart within its declared feature/layer.","false","build_or_runtime_graph","mirrored_or_integration_suite","README_and_scoped_docs","false","low","retain","Reviewed in E7; responsibility and location are coherent; no blocking residue found."
"lib/features/library/domain/game_status.dart","product_source","library","domain","Runtime responsibility represented by game_status.dart within its declared feature/layer.","false","build_or_runtime_graph","mirrored_or_integration_suite","README_and_scoped_docs","false","low","retain","Reviewed in E7; responsibility and location are coherent; no blocking residue found."
"lib/features/library/domain/library_column_config.dart","product_source","library","domain","Runtime responsibility represented by library_column_config.dart within its declared feature/layer.","false","build_or_runtime_graph","mirrored_or_integration_suite","README_and_scoped_docs","false","low","retain","Reviewed in E7; responsibility and location are coherent; no blocking residue found."
"lib/features/library/domain/library_filter_state.dart","product_source","library","domain","Runtime responsibility represented by library_filter_state.dart within its declared feature/layer.","false","build_or_runtime_graph","mirrored_or_integration_suite","README_and_scoped_docs","false","low","retain","Reviewed in E7; responsibility and location are coherent; no blocking residue found."
"lib/features/library/domain/library_game_row.dart","product_source","library","domain","Runtime responsibility represented by library_game_row.dart within its declared feature/layer.","false","build_or_runtime_graph","mirrored_or_integration_suite","README_and_scoped_docs","false","low","retain","Reviewed in E7; responsibility and location are coherent; no blocking residue found."
"lib/features/library/domain/library_layout_mode.dart","product_source","library","domain","Runtime responsibility represented by library_layout_mode.dart within its declared feature/layer.","false","build_or_runtime_graph","mirrored_or_integration_suite","README_and_scoped_docs","false","low","retain","Reviewed in E7; responsibility and location are coherent; no blocking residue found."
"lib/features/library/domain/library_sort_state.dart","product_source","library","domain","Runtime responsibility represented by library_sort_state.dart within its declared feature/layer.","false","build_or_runtime_graph","mirrored_or_integration_suite","README_and_scoped_docs","false","low","retain","Reviewed in E7; responsibility and location are coherent; no blocking residue found."
"lib/features/library/domain/library_table_summary.dart","product_source","library","domain","Runtime responsibility represented by library_table_summary.dart within its declared feature/layer.","false","build_or_runtime_graph","mirrored_or_integration_suite","README_and_scoped_docs","false","low","retain","Reviewed in E7; responsibility and location are coherent; no blocking residue found."
"lib/features/library/domain/rating.dart","product_source","library","domain","Runtime responsibility represented by rating.dart within its declared feature/layer.","false","build_or_runtime_graph","mirrored_or_integration_suite","README_and_scoped_docs","false","low","retain","Reviewed in E7; responsibility and location are coherent; no blocking residue found."
"lib/features/library/domain/saved_library_view.dart","product_source","library","domain","Runtime responsibility represented by saved_library_view.dart within its declared feature/layer.","false","build_or_runtime_graph","mirrored_or_integration_suite","README_and_scoped_docs","false","low","retain","Reviewed in E7; responsibility and location are coherent; no blocking residue found."
"lib/features/library/presentation/game_list_page.dart","product_source","library","presentation","Runtime responsibility represented by game_list_page.dart within its declared feature/layer.","false","build_or_runtime_graph","mirrored_or_integration_suite","README_and_scoped_docs","false","low","retain","Reviewed in E7; responsibility and location are coherent; no blocking residue found."
"lib/features/library/presentation/home_page.dart","product_source","library","presentation","Runtime responsibility represented by home_page.dart within its declared feature/layer.","false","build_or_runtime_graph","mirrored_or_integration_suite","README_and_scoped_docs","false","low","retain","Reviewed in E7; responsibility and location are coherent; no blocking residue found."
"lib/features/library/presentation/widgets/library_actions.dart","product_source","library","presentation","Runtime responsibility represented by library_actions.dart within its declared feature/layer.","false","build_or_runtime_graph","mirrored_or_integration_suite","README_and_scoped_docs","false","low","retain","Reviewed in E7; responsibility and location are coherent; no blocking residue found."
"lib/features/library/presentation/widgets/library_catalog_widgets.dart","product_source","library","presentation","Runtime responsibility represented by library_catalog_widgets.dart within its declared feature/layer.","false","build_or_runtime_graph","mirrored_or_integration_suite","README_and_scoped_docs","false","low","retain","Reviewed in E7; responsibility and location are coherent; no blocking residue found."
"lib/features/library/presentation/widgets/library_cover_thumbnail.dart","product_source","library","presentation","Runtime responsibility represented by library_cover_thumbnail.dart within its declared feature/layer.","false","build_or_runtime_graph","mirrored_or_integration_suite","README_and_scoped_docs","false","low","retain","Reviewed in E7; responsibility and location are coherent; no blocking residue found."
"lib/features/library/presentation/widgets/library_filter_dialogs.dart","product_source","library","presentation","Runtime responsibility represented by library_filter_dialogs.dart within its declared feature/layer.","false","build_or_runtime_graph","mirrored_or_integration_suite","README_and_scoped_docs","false","low","retain","Reviewed in E7; responsibility and location are coherent; no blocking residue found."
"lib/features/library/presentation/widgets/library_filter_sidebar.dart","product_source","library","presentation","Runtime responsibility represented by library_filter_sidebar.dart within its declared feature/layer.","false","build_or_runtime_graph","mirrored_or_integration_suite","README_and_scoped_docs","false","low","retain","Reviewed in E7; responsibility and location are coherent; no blocking residue found."
"lib/features/library/presentation/widgets/library_grid_widgets.dart","product_source","library","presentation","Runtime responsibility represented by library_grid_widgets.dart within its declared feature/layer.","false","build_or_runtime_graph","mirrored_or_integration_suite","README_and_scoped_docs","false","low","retain","Reviewed in E7; responsibility and location are coherent; no blocking residue found."
"lib/features/library/presentation/widgets/library_list_widgets.dart","product_source","library","presentation","Runtime responsibility represented by library_list_widgets.dart within its declared feature/layer.","false","build_or_runtime_graph","mirrored_or_integration_suite","README_and_scoped_docs","false","low","retain","Reviewed in E7; responsibility and location are coherent; no blocking residue found."
"lib/features/library/presentation/widgets/library_results.dart","product_source","library","presentation","Runtime responsibility represented by library_results.dart within its declared feature/layer.","false","build_or_runtime_graph","mirrored_or_integration_suite","README_and_scoped_docs","false","low","retain","Reviewed in E7; responsibility and location are coherent; no blocking residue found."
"lib/features/library/presentation/widgets/library_summary_widgets.dart","product_source","library","presentation","Runtime responsibility represented by library_summary_widgets.dart within its declared feature/layer.","false","build_or_runtime_graph","mirrored_or_integration_suite","README_and_scoped_docs","false","low","retain","Reviewed in E7; responsibility and location are coherent; no blocking residue found."
"lib/features/library/presentation/widgets/library_toolbar.dart","product_source","library","presentation","Runtime responsibility represented by library_toolbar.dart within its declared feature/layer.","false","build_or_runtime_graph","mirrored_or_integration_suite","README_and_scoped_docs","false","low","retain","Reviewed in E7; responsibility and location are coherent; no blocking residue found."
"lib/features/library/presentation/widgets/rating_stars.dart","product_source","library","presentation","Runtime responsibility represented by rating_stars.dart within its declared feature/layer.","false","build_or_runtime_graph","mirrored_or_integration_suite","README_and_scoped_docs","false","low","retain","Reviewed in E7; responsibility and location are coherent; no blocking residue found."
"lib/features/media/application/media_providers.dart","product_source","media","application","Runtime responsibility represented by media_providers.dart within its declared feature/layer.","false","build_or_runtime_graph","mirrored_or_integration_suite","README_and_scoped_docs","false","reviewed","retain","Reviewed in E7; responsibility and location are coherent; no blocking residue found."
"lib/features/media/application/media_use_cases.dart","product_source","media","application","Runtime responsibility represented by media_use_cases.dart within its declared feature/layer.","false","build_or_runtime_graph","mirrored_or_integration_suite","README_and_scoped_docs","false","reviewed","retain","Reviewed in E7; responsibility and location are coherent; no blocking residue found."
"lib/features/media/data/igdb_media_provider.dart","product_source","media","data","Runtime responsibility represented by igdb_media_provider.dart within its declared feature/layer.","false","build_or_runtime_graph","mirrored_or_integration_suite","README_and_scoped_docs","false","reviewed","retain","Reviewed in E7; responsibility and location are coherent; no blocking residue found."
"lib/features/media/data/local_cover_picker_service.dart","product_source","media","data","Runtime responsibility represented by local_cover_picker_service.dart within its declared feature/layer.","false","build_or_runtime_graph","mirrored_or_integration_suite","README_and_scoped_docs","false","reviewed","retain","Reviewed in E7; responsibility and location are coherent; no blocking residue found."
"lib/features/media/data/media_file_storage.dart","product_source","media","data","Runtime responsibility represented by media_file_storage.dart within its declared feature/layer.","false","build_or_runtime_graph","mirrored_or_integration_suite","README_and_scoped_docs","false","reviewed","retain","Reviewed in E7; responsibility and location are coherent; no blocking residue found."
"lib/features/media/data/media_repository.dart","product_source","media","data","Runtime responsibility represented by media_repository.dart within its declared feature/layer.","false","build_or_runtime_graph","mirrored_or_integration_suite","README_and_scoped_docs","false","reviewed","retain","Reviewed in E7; responsibility and location are coherent; no blocking residue found."
"lib/features/media/data/steamgriddb_api_client.dart","product_source","media","data","Runtime responsibility represented by steamgriddb_api_client.dart within its declared feature/layer.","false","build_or_runtime_graph","mirrored_or_integration_suite","README_and_scoped_docs","false","reviewed","retain","Reviewed in E7; responsibility and location are coherent; no blocking residue found."
"lib/features/media/data/steamgriddb_media_provider.dart","product_source","media","data","Runtime responsibility represented by steamgriddb_media_provider.dart within its declared feature/layer.","false","build_or_runtime_graph","mirrored_or_integration_suite","README_and_scoped_docs","false","reviewed","retain","Reviewed in E7; responsibility and location are coherent; no blocking residue found."
"lib/features/media/domain/igdb_cover_mapper.dart","product_source","media","domain","Runtime responsibility represented by igdb_cover_mapper.dart within its declared feature/layer.","false","build_or_runtime_graph","mirrored_or_integration_suite","README_and_scoped_docs","false","reviewed","retain","Reviewed in E7; responsibility and location are coherent; no blocking residue found."
"lib/features/media/domain/media_asset_models.dart","product_source","media","domain","Runtime responsibility represented by media_asset_models.dart within its declared feature/layer.","false","build_or_runtime_graph","mirrored_or_integration_suite","README_and_scoped_docs","false","reviewed","retain","Reviewed in E7; responsibility and location are coherent; no blocking residue found."
"lib/features/media/domain/media_exception.dart","product_source","media","domain","Runtime responsibility represented by media_exception.dart within its declared feature/layer.","false","build_or_runtime_graph","mirrored_or_integration_suite","README_and_scoped_docs","false","reviewed","retain","Reviewed in E7; responsibility and location are coherent; no blocking residue found."
"lib/features/media/domain/media_provider.dart","product_source","media","domain","Runtime responsibility represented by media_provider.dart within its declared feature/layer.","false","build_or_runtime_graph","mirrored_or_integration_suite","README_and_scoped_docs","false","reviewed","retain","Reviewed in E7; responsibility and location are coherent; no blocking residue found."
"lib/features/media/presentation/media_search_dialog.dart","product_source","media","presentation","Runtime responsibility represented by media_search_dialog.dart within its declared feature/layer.","false","build_or_runtime_graph","mirrored_or_integration_suite","README_and_scoped_docs","false","reviewed","retain","Reviewed in E7; responsibility and location are coherent; no blocking residue found."
"lib/features/media/presentation/parts/media_search_widgets.dart","product_source","media","presentation","Runtime responsibility represented by media_search_widgets.dart within its declared feature/layer.","false","build_or_runtime_graph","mirrored_or_integration_suite","README_and_scoped_docs","false","reviewed","retain","Reviewed in E7; responsibility and location are coherent; no blocking residue found."
"lib/features/metadata/application/apply_metadata_use_case.dart","product_source","metadata","application","Runtime responsibility represented by apply_metadata_use_case.dart within its declared feature/layer.","false","build_or_runtime_graph","mirrored_or_integration_suite","README_and_scoped_docs","false","low","retain","Reviewed in E7; responsibility and location are coherent; no blocking residue found."
"lib/features/metadata/application/build_metadata_diff_use_case.dart","product_source","metadata","application","Runtime responsibility represented by build_metadata_diff_use_case.dart within its declared feature/layer.","false","build_or_runtime_graph","mirrored_or_integration_suite","README_and_scoped_docs","false","low","retain","Reviewed in E7; responsibility and location are coherent; no blocking residue found."
"lib/features/metadata/application/get_metadata_details_use_case.dart","product_source","metadata","application","Runtime responsibility represented by get_metadata_details_use_case.dart within its declared feature/layer.","false","build_or_runtime_graph","mirrored_or_integration_suite","README_and_scoped_docs","false","low","retain","Reviewed in E7; responsibility and location are coherent; no blocking residue found."
"lib/features/metadata/application/metadata_providers.dart","product_source","metadata","application","Runtime responsibility represented by metadata_providers.dart within its declared feature/layer.","false","build_or_runtime_graph","mirrored_or_integration_suite","README_and_scoped_docs","false","low","retain","Reviewed in E7; responsibility and location are coherent; no blocking residue found."
"lib/features/metadata/application/search_metadata_use_case.dart","product_source","metadata","application","Runtime responsibility represented by search_metadata_use_case.dart within its declared feature/layer.","false","build_or_runtime_graph","mirrored_or_integration_suite","README_and_scoped_docs","false","low","retain","Reviewed in E7; responsibility and location are coherent; no blocking residue found."
"lib/features/metadata/data/igdb_api_client.dart","product_source","metadata","data","Runtime responsibility represented by igdb_api_client.dart within its declared feature/layer.","false","build_or_runtime_graph","mirrored_or_integration_suite","README_and_scoped_docs","false","low","retain","Reviewed in E7; responsibility and location are coherent; no blocking residue found."
"lib/features/metadata/data/igdb_auth_client.dart","product_source","metadata","data","Runtime responsibility represented by igdb_auth_client.dart within its declared feature/layer.","false","build_or_runtime_graph","mirrored_or_integration_suite","README_and_scoped_docs","false","low","retain","Reviewed in E7; responsibility and location are coherent; no blocking residue found."
"lib/features/metadata/data/igdb_metadata_provider.dart","product_source","metadata","data","Runtime responsibility represented by igdb_metadata_provider.dart within its declared feature/layer.","false","build_or_runtime_graph","mirrored_or_integration_suite","README_and_scoped_docs","false","low","retain","Reviewed in E7; responsibility and location are coherent; no blocking residue found."
"lib/features/metadata/data/metadata_api_key_storage.dart","product_source","metadata","data","Runtime responsibility represented by metadata_api_key_storage.dart within its declared feature/layer.","false","build_or_runtime_graph","mirrored_or_integration_suite","README_and_scoped_docs","false","reviewed","retain","Reviewed in E7; responsibility and location are coherent; no blocking residue found."
"lib/features/metadata/data/metadata_repository.dart","product_source","metadata","data","Runtime responsibility represented by metadata_repository.dart within its declared feature/layer.","false","build_or_runtime_graph","mirrored_or_integration_suite","README_and_scoped_docs","false","low","retain","Reviewed in E7; responsibility and location are coherent; no blocking residue found."
"lib/features/metadata/data/rawg_api_client.dart","product_source","metadata","data","Runtime responsibility represented by rawg_api_client.dart within its declared feature/layer.","false","build_or_runtime_graph","mirrored_or_integration_suite","README_and_scoped_docs","false","low","retain","Reviewed in E7; responsibility and location are coherent; no blocking residue found."
"lib/features/metadata/data/rawg_metadata_provider.dart","product_source","metadata","data","Runtime responsibility represented by rawg_metadata_provider.dart within its declared feature/layer.","false","build_or_runtime_graph","mirrored_or_integration_suite","README_and_scoped_docs","false","low","retain","Reviewed in E7; responsibility and location are coherent; no blocking residue found."
"lib/features/metadata/domain/apply_metadata_request.dart","product_source","metadata","domain","Runtime responsibility represented by apply_metadata_request.dart within its declared feature/layer.","false","build_or_runtime_graph","mirrored_or_integration_suite","README_and_scoped_docs","false","low","retain","Reviewed in E7; responsibility and location are coherent; no blocking residue found."
"lib/features/metadata/domain/external_game_details.dart","product_source","metadata","domain","Runtime responsibility represented by external_game_details.dart within its declared feature/layer.","false","build_or_runtime_graph","mirrored_or_integration_suite","README_and_scoped_docs","false","low","retain","Reviewed in E7; responsibility and location are coherent; no blocking residue found."
"lib/features/metadata/domain/local_metadata_snapshot.dart","product_source","metadata","domain","Runtime responsibility represented by local_metadata_snapshot.dart within its declared feature/layer.","false","build_or_runtime_graph","mirrored_or_integration_suite","README_and_scoped_docs","false","low","retain","Reviewed in E7; responsibility and location are coherent; no blocking residue found."
"lib/features/metadata/domain/metadata_diff.dart","product_source","metadata","domain","Runtime responsibility represented by metadata_diff.dart within its declared feature/layer.","false","build_or_runtime_graph","mirrored_or_integration_suite","README_and_scoped_docs","false","low","retain","Reviewed in E7; responsibility and location are coherent; no blocking residue found."
"lib/features/metadata/domain/metadata_exception.dart","product_source","metadata","domain","Runtime responsibility represented by metadata_exception.dart within its declared feature/layer.","false","build_or_runtime_graph","mirrored_or_integration_suite","README_and_scoped_docs","false","low","retain","Reviewed in E7; responsibility and location are coherent; no blocking residue found."
"lib/features/metadata/domain/metadata_field.dart","product_source","metadata","domain","Runtime responsibility represented by metadata_field.dart within its declared feature/layer.","false","build_or_runtime_graph","mirrored_or_integration_suite","README_and_scoped_docs","false","low","retain","Reviewed in E7; responsibility and location are coherent; no blocking residue found."
"lib/features/metadata/domain/metadata_provider.dart","product_source","metadata","domain","Runtime responsibility represented by metadata_provider.dart within its declared feature/layer.","false","build_or_runtime_graph","mirrored_or_integration_suite","README_and_scoped_docs","false","low","retain","Reviewed in E7; responsibility and location are coherent; no blocking residue found."
"lib/features/metadata/domain/metadata_search_candidate.dart","product_source","metadata","domain","Runtime responsibility represented by metadata_search_candidate.dart within its declared feature/layer.","false","build_or_runtime_graph","mirrored_or_integration_suite","README_and_scoped_docs","false","low","retain","Reviewed in E7; responsibility and location are coherent; no blocking residue found."
"lib/features/metadata/presentation/metadata_search_dialog.dart","product_source","metadata","presentation","Runtime responsibility represented by metadata_search_dialog.dart within its declared feature/layer.","false","build_or_runtime_graph","mirrored_or_integration_suite","README_and_scoped_docs","false","low","retain","Reviewed in E7; responsibility and location are coherent; no blocking residue found."
"lib/features/metadata/presentation/parts/metadata_search_widgets.dart","product_source","metadata","presentation","Runtime responsibility represented by metadata_search_widgets.dart within its declared feature/layer.","false","build_or_runtime_graph","mirrored_or_integration_suite","README_and_scoped_docs","false","low","retain","Reviewed in E7; responsibility and location are coherent; no blocking residue found."
"lib/features/playthroughs/application/completion_form_model.dart","product_source","playthroughs","application","Runtime responsibility represented by completion_form_model.dart within its declared feature/layer.","false","build_or_runtime_graph","mirrored_or_integration_suite","README_and_scoped_docs","false","low","retain","Reviewed in E7; responsibility and location are coherent; no blocking residue found."
"lib/features/playthroughs/application/playthrough_form_model.dart","product_source","playthroughs","application","Runtime responsibility represented by playthrough_form_model.dart within its declared feature/layer.","false","build_or_runtime_graph","mirrored_or_integration_suite","README_and_scoped_docs","false","low","retain","Reviewed in E7; responsibility and location are coherent; no blocking residue found."
"lib/features/playthroughs/data/playthrough_repository.dart","product_source","playthroughs","data","Runtime responsibility represented by playthrough_repository.dart within its declared feature/layer.","false","build_or_runtime_graph","mirrored_or_integration_suite","README_and_scoped_docs","false","low","retain","Reviewed in E7; responsibility and location are coherent; no blocking residue found."
"lib/features/playthroughs/domain/playthrough_status.dart","product_source","playthroughs","domain","Runtime responsibility represented by playthrough_status.dart within its declared feature/layer.","false","build_or_runtime_graph","mirrored_or_integration_suite","README_and_scoped_docs","false","low","retain","Reviewed in E7; responsibility and location are coherent; no blocking residue found."
"lib/features/settings/application/app_language.dart","product_source","settings","application","Runtime responsibility represented by app_language.dart within its declared feature/layer.","false","build_or_runtime_graph","mirrored_or_integration_suite","README_and_scoped_docs","false","low","retain","Reviewed in E7; responsibility and location are coherent; no blocking residue found."
"lib/features/settings/application/external_credentials_view_model.dart","product_source","settings","application","Runtime responsibility represented by external_credentials_view_model.dart within its declared feature/layer.","false","build_or_runtime_graph","mirrored_or_integration_suite","README_and_scoped_docs","false","reviewed","retain","Reviewed in E7; responsibility and location are coherent; no blocking residue found."
"lib/features/settings/presentation/parts/settings_sections.dart","product_source","settings","presentation","Runtime responsibility represented by settings_sections.dart within its declared feature/layer.","false","build_or_runtime_graph","mirrored_or_integration_suite","README_and_scoped_docs","false","low","retain","Reviewed in E7; responsibility and location are coherent; no blocking residue found."
"lib/features/settings/presentation/settings_page.dart","product_source","settings","presentation","Runtime responsibility represented by settings_page.dart within its declared feature/layer.","false","build_or_runtime_graph","mirrored_or_integration_suite","README_and_scoped_docs","false","low","retain","Reviewed in E7; responsibility and location are coherent; no blocking residue found."
"lib/features/statistics/application/library_statistics_calculator.dart","product_source","statistics","application","Runtime responsibility represented by library_statistics_calculator.dart within its declared feature/layer.","false","build_or_runtime_graph","mirrored_or_integration_suite","README_and_scoped_docs","false","low","retain","Reviewed in E7; responsibility and location are coherent; no blocking residue found."
"lib/features/statistics/application/statistics_providers.dart","product_source","statistics","application","Runtime responsibility represented by statistics_providers.dart within its declared feature/layer.","false","build_or_runtime_graph","mirrored_or_integration_suite","README_and_scoped_docs","false","low","retain","Reviewed in E7; responsibility and location are coherent; no blocking residue found."
"lib/features/statistics/data/statistics_repository.dart","product_source","statistics","data","Runtime responsibility represented by statistics_repository.dart within its declared feature/layer.","false","build_or_runtime_graph","mirrored_or_integration_suite","README_and_scoped_docs","false","low","retain","Reviewed in E7; responsibility and location are coherent; no blocking residue found."
"lib/features/statistics/domain/statistics_models.dart","product_source","statistics","domain","Runtime responsibility represented by statistics_models.dart within its declared feature/layer.","false","build_or_runtime_graph","mirrored_or_integration_suite","README_and_scoped_docs","false","low","retain","Reviewed in E7; responsibility and location are coherent; no blocking residue found."
"lib/features/statistics/presentation/parts/statistics_breakdowns.dart","product_source","statistics","presentation","Runtime responsibility represented by statistics_breakdowns.dart within its declared feature/layer.","false","build_or_runtime_graph","mirrored_or_integration_suite","README_and_scoped_docs","false","low","retain","Reviewed in E7; responsibility and location are coherent; no blocking residue found."
"lib/features/statistics/presentation/parts/statistics_dashboard.dart","product_source","statistics","presentation","Runtime responsibility represented by statistics_dashboard.dart within its declared feature/layer.","false","build_or_runtime_graph","mirrored_or_integration_suite","README_and_scoped_docs","false","low","retain","Reviewed in E7; responsibility and location are coherent; no blocking residue found."
"lib/features/statistics/presentation/parts/statistics_recent.dart","product_source","statistics","presentation","Runtime responsibility represented by statistics_recent.dart within its declared feature/layer.","false","build_or_runtime_graph","mirrored_or_integration_suite","README_and_scoped_docs","false","low","retain","Reviewed in E7; responsibility and location are coherent; no blocking residue found."
"lib/features/statistics/presentation/statistics_page.dart","product_source","statistics","presentation","Runtime responsibility represented by statistics_page.dart within its declared feature/layer.","false","build_or_runtime_graph","mirrored_or_integration_suite","README_and_scoped_docs","false","low","retain","Reviewed in E7; responsibility and location are coherent; no blocking residue found."
"lib/l10n/app_en.arb","product_source","cross_cutting","configuration","Runtime responsibility represented by app_en.arb within its declared feature/layer.","false","build_or_runtime_graph","mirrored_or_integration_suite","README_and_scoped_docs","false","low","retain","Reviewed in E7; responsibility and location are coherent; no blocking residue found."
"lib/l10n/app_es.arb","product_source","cross_cutting","configuration","Runtime responsibility represented by app_es.arb within its declared feature/layer.","false","build_or_runtime_graph","mirrored_or_integration_suite","README_and_scoped_docs","false","low","retain","Reviewed in E7; responsibility and location are coherent; no blocking residue found."
"lib/l10n/app_localizations_en.dart","product_source","cross_cutting","configuration","Runtime responsibility represented by app_localizations_en.dart within its declared feature/layer.","true","build_or_runtime_graph","mirrored_or_integration_suite","README_and_scoped_docs","false","low","retain","Generated file; regenerate from tracked inputs, do not hand-edit."
"lib/l10n/app_localizations_es.dart","product_source","cross_cutting","configuration","Runtime responsibility represented by app_localizations_es.dart within its declared feature/layer.","true","build_or_runtime_graph","mirrored_or_integration_suite","README_and_scoped_docs","false","low","retain","Generated file; regenerate from tracked inputs, do not hand-edit."
"lib/l10n/app_localizations.dart","product_source","cross_cutting","configuration","Runtime responsibility represented by app_localizations.dart within its declared feature/layer.","true","build_or_runtime_graph","mirrored_or_integration_suite","README_and_scoped_docs","false","low","retain","Generated file; regenerate from tracked inputs, do not hand-edit."
"lib/l10n/domain_localizations.dart","product_source","cross_cutting","configuration","Runtime responsibility represented by domain_localizations.dart within its declared feature/layer.","false","build_or_runtime_graph","mirrored_or_integration_suite","README_and_scoped_docs","false","low","retain","Reviewed in E7; responsibility and location are coherent; no blocking residue found."
"lib/l10n/l10n.dart","product_source","cross_cutting","configuration","Runtime responsibility represented by l10n.dart within its declared feature/layer.","false","build_or_runtime_graph","mirrored_or_integration_suite","README_and_scoped_docs","false","low","retain","Reviewed in E7; responsibility and location are coherent; no blocking residue found."
"lib/main.dart","product_source","cross_cutting","configuration","Runtime responsibility represented by main.dart within its declared feature/layer.","false","build_or_runtime_graph","mirrored_or_integration_suite","README_and_scoped_docs","false","low","retain","Reviewed in E7; responsibility and location are coherent; no blocking residue found."
"pubspec.lock","repository_configuration","cross_cutting","configuration","Repository metadata, dependency, localization, or build configuration.","false","build_or_runtime_graph","gate_or_not_applicable","README_and_scoped_docs","true","low","retain","Reviewed in E7; responsibility and location are coherent; no blocking residue found."
"pubspec.yaml","repository_configuration","cross_cutting","configuration","Repository metadata, dependency, localization, or build configuration.","false","build_or_runtime_graph","gate_or_not_applicable","README_and_scoped_docs","true","low","retain","Reviewed in E7; responsibility and location are coherent; no blocking residue found."
"README.es.md","repository_configuration","cross_cutting","configuration","Repository metadata, dependency, localization, or build configuration.","false","build_or_runtime_graph","gate_or_not_applicable","README_and_scoped_docs","false","low","retain","Reviewed in E7; responsibility and location are coherent; no blocking residue found."
"README.md","repository_configuration","cross_cutting","configuration","Repository metadata, dependency, localization, or build configuration.","false","build_or_runtime_graph","gate_or_not_applicable","README_and_scoped_docs","false","low","retain","Reviewed in E7; responsibility and location are coherent; no blocking residue found."
"test/app/app_shell_test.dart","test","app_shell","verification","Regression or contract coverage represented by app_shell_test.dart.","false","discovered_by_flutter_test","self","README_and_scoped_docs","false","low","retain","Reviewed in E7; responsibility and location are coherent; no blocking residue found."
"test/app/theme_test.dart","test","app_shell","verification","Regression or contract coverage represented by theme_test.dart.","false","discovered_by_flutter_test","self","README_and_scoped_docs","false","low","retain","Reviewed in E7; responsibility and location are coherent; no blocking residue found."
"test/architecture/offline_architecture_test.dart","test","cross_cutting","verification","Regression or contract coverage represented by offline_architecture_test.dart.","false","discovered_by_flutter_test","self","README_and_scoped_docs","false","low","retain","Reviewed in E7; responsibility and location are coherent; no blocking residue found."
"test/core/database/offline_schema_migration_test.dart","test","core_database","verification","Regression or contract coverage represented by offline_schema_migration_test.dart.","false","discovered_by_flutter_test","self","README_and_scoped_docs","false","reviewed","retain","Reviewed in E7; responsibility and location are coherent; no blocking residue found."
"test/core/design_system/bv_components_test.dart","test","core_design_system","verification","Regression or contract coverage represented by bv_components_test.dart.","false","discovered_by_flutter_test","self","README_and_scoped_docs","false","low","retain","Reviewed in E7; responsibility and location are coherent; no blocking residue found."
"test/core/design_system/bv_presentation_states_test.dart","test","core_design_system","verification","Regression or contract coverage represented by bv_presentation_states_test.dart.","false","discovered_by_flutter_test","self","README_and_scoped_docs","false","low","retain","Reviewed in E7; responsibility and location are coherent; no blocking residue found."
"test/core/privacy/privacy_redactor_test.dart","test","core_privacy","verification","Regression or contract coverage represented by privacy_redactor_test.dart.","false","discovered_by_flutter_test","self","README_and_scoped_docs","false","reviewed","retain","Reviewed in E7; responsibility and location are coherent; no blocking residue found."
"test/core/storage/offline_secure_storage_cleanup_test.dart","test","core_storage","verification","Regression or contract coverage represented by offline_secure_storage_cleanup_test.dart.","false","discovered_by_flutter_test","self","README_and_scoped_docs","false","reviewed","retain","Reviewed in E7; responsibility and location are coherent; no blocking residue found."
"test/core/widgets/dropdown_value_guard_test.dart","test","core_widgets","verification","Regression or contract coverage represented by dropdown_value_guard_test.dart.","false","discovered_by_flutter_test","self","README_and_scoped_docs","false","low","retain","Reviewed in E7; responsibility and location are coherent; no blocking residue found."
"test/features/bulk_metadata_import/application/bulk_metadata_import_test.dart","test","bulk_metadata_import","application","Regression or contract coverage represented by bulk_metadata_import_test.dart.","false","discovered_by_flutter_test","self","README_and_scoped_docs","false","low","retain","Reviewed in E7; responsibility and location are coherent; no blocking residue found."
"test/features/bulk_metadata_import/presentation/bulk_metadata_import_page_test.dart","test","bulk_metadata_import","presentation","Regression or contract coverage represented by bulk_metadata_import_page_test.dart.","false","discovered_by_flutter_test","self","README_and_scoped_docs","false","low","retain","Reviewed in E7; responsibility and location are coherent; no blocking residue found."
"test/features/catalogs/catalog_repository_test.dart","test","catalogs","verification","Regression or contract coverage represented by catalog_repository_test.dart.","false","discovered_by_flutter_test","self","README_and_scoped_docs","false","low","retain","Reviewed in E7; responsibility and location are coherent; no blocking residue found."
"test/features/games/application/game_form_model_test.dart","test","games","application","Regression or contract coverage represented by game_form_model_test.dart.","false","discovered_by_flutter_test","self","README_and_scoped_docs","false","low","retain","Reviewed in E7; responsibility and location are coherent; no blocking residue found."
"test/features/games/application/game_view_models_test.dart","test","games","application","Regression or contract coverage represented by game_view_models_test.dart.","false","discovered_by_flutter_test","self","README_and_scoped_docs","false","low","retain","Reviewed in E7; responsibility and location are coherent; no blocking residue found."
"test/features/games/data/game_progress_realistic_import_test.dart","test","games","data","Regression or contract coverage represented by game_progress_realistic_import_test.dart.","false","discovered_by_flutter_test","self","README_and_scoped_docs","false","low","retain","Reviewed in E7; responsibility and location are coherent; no blocking residue found."
"test/features/games/data/game_progress_repository_test.dart","test","games","data","Regression or contract coverage represented by game_progress_repository_test.dart.","false","discovered_by_flutter_test","self","README_and_scoped_docs","false","low","retain","Reviewed in E7; responsibility and location are coherent; no blocking residue found."
"test/features/games/data/game_repository_bulk_delete_test.dart","test","games","data","Regression or contract coverage represented by game_repository_bulk_delete_test.dart.","false","discovered_by_flutter_test","self","README_and_scoped_docs","false","low","retain","Reviewed in E7; responsibility and location are coherent; no blocking residue found."
"test/features/games/presentation/game_detail_page_test.dart","test","games","presentation","Regression or contract coverage represented by game_detail_page_test.dart.","false","discovered_by_flutter_test","self","README_and_scoped_docs","false","low","retain","Reviewed in E7; responsibility and location are coherent; no blocking residue found."
"test/features/games/presentation/game_form_page_test.dart","test","games","presentation","Regression or contract coverage represented by game_form_page_test.dart.","false","discovered_by_flutter_test","self","README_and_scoped_docs","false","low","retain","Reviewed in E7; responsibility and location are coherent; no blocking residue found."
"test/features/import_export/library_export/library_export_file_saver_test.dart","test","import_export","verification","Regression or contract coverage represented by library_export_file_saver_test.dart.","false","discovered_by_flutter_test","self","README_and_scoped_docs","false","reviewed","retain","Reviewed in E7; responsibility and location are coherent; no blocking residue found."
"test/features/import_export/library_export/library_export_repository_test.dart","test","import_export","verification","Regression or contract coverage represented by library_export_repository_test.dart.","false","discovered_by_flutter_test","self","README_and_scoped_docs","false","reviewed","retain","Reviewed in E7; responsibility and location are coherent; no blocking residue found."
"test/features/import_export/notion_csv/csv_parser_test.dart","test","import_export","verification","Regression or contract coverage represented by csv_parser_test.dart.","false","discovered_by_flutter_test","self","README_and_scoped_docs","false","reviewed","retain","Reviewed in E7; responsibility and location are coherent; no blocking residue found."
"test/features/import_export/notion_csv/mapping_and_normalizer_test.dart","test","import_export","verification","Regression or contract coverage represented by mapping_and_normalizer_test.dart.","false","discovered_by_flutter_test","self","README_and_scoped_docs","false","reviewed","retain","Reviewed in E7; responsibility and location are coherent; no blocking residue found."
"test/features/import_export/notion_csv/notion_csv_import_repository_test.dart","test","import_export","verification","Regression or contract coverage represented by notion_csv_import_repository_test.dart.","false","discovered_by_flutter_test","self","README_and_scoped_docs","false","reviewed","retain","Reviewed in E7; responsibility and location are coherent; no blocking residue found."
"test/features/import_export/notion_csv/presentation/import_notion_csv_page_test.dart","test","import_export","presentation","Regression or contract coverage represented by import_notion_csv_page_test.dart.","false","discovered_by_flutter_test","self","README_and_scoped_docs","false","reviewed","retain","Reviewed in E7; responsibility and location are coherent; no blocking residue found."
"test/features/import_export/notion_csv/preview_and_duplicates_test.dart","test","import_export","verification","Regression or contract coverage represented by preview_and_duplicates_test.dart.","false","discovered_by_flutter_test","self","README_and_scoped_docs","false","reviewed","retain","Reviewed in E7; responsibility and location are coherent; no blocking residue found."
"test/features/library/application/library_home_summary_test.dart","test","library","application","Regression or contract coverage represented by library_home_summary_test.dart.","false","discovered_by_flutter_test","self","README_and_scoped_docs","false","low","retain","Reviewed in E7; responsibility and location are coherent; no blocking residue found."
"test/features/library/application/library_layout_mode_test.dart","test","library","application","Regression or contract coverage represented by library_layout_mode_test.dart.","false","discovered_by_flutter_test","self","README_and_scoped_docs","false","low","retain","Reviewed in E7; responsibility and location are coherent; no blocking residue found."
"test/features/library/application/library_responsive_layout_test.dart","test","library","application","Regression or contract coverage represented by library_responsive_layout_test.dart.","false","discovered_by_flutter_test","self","README_and_scoped_docs","false","low","retain","Reviewed in E7; responsibility and location are coherent; no blocking residue found."
"test/features/library/application/library_table_processor_test.dart","test","library","application","Regression or contract coverage represented by library_table_processor_test.dart.","false","discovered_by_flutter_test","self","README_and_scoped_docs","false","low","retain","Reviewed in E7; responsibility and location are coherent; no blocking residue found."
"test/features/library/data/library_query_repository_test.dart","test","library","data","Regression or contract coverage represented by library_query_repository_test.dart.","false","discovered_by_flutter_test","self","README_and_scoped_docs","false","low","retain","Reviewed in E7; responsibility and location are coherent; no blocking residue found."
"test/features/library/data/library_table_realistic_import_test.dart","test","library","data","Regression or contract coverage represented by library_table_realistic_import_test.dart.","false","discovered_by_flutter_test","self","README_and_scoped_docs","false","low","retain","Reviewed in E7; responsibility and location are coherent; no blocking residue found."
"test/features/library/data/saved_library_view_repository_test.dart","test","library","data","Regression or contract coverage represented by saved_library_view_repository_test.dart.","false","discovered_by_flutter_test","self","README_and_scoped_docs","false","low","retain","Reviewed in E7; responsibility and location are coherent; no blocking residue found."
"test/features/library/data/schema_migration_test.dart","test","library","data","Regression or contract coverage represented by schema_migration_test.dart.","false","discovered_by_flutter_test","self","README_and_scoped_docs","false","reviewed","retain","Reviewed in E7; responsibility and location are coherent; no blocking residue found."
"test/features/library/domain/game_status_test.dart","test","library","domain","Regression or contract coverage represented by game_status_test.dart.","false","discovered_by_flutter_test","self","README_and_scoped_docs","false","low","retain","Reviewed in E7; responsibility and location are coherent; no blocking residue found."
"test/features/library/domain/rating_test.dart","test","library","domain","Regression or contract coverage represented by rating_test.dart.","false","discovered_by_flutter_test","self","README_and_scoped_docs","false","low","retain","Reviewed in E7; responsibility and location are coherent; no blocking residue found."
"test/features/library/presentation/game_list_page_test.dart","test","library","presentation","Regression or contract coverage represented by game_list_page_test.dart.","false","discovered_by_flutter_test","self","README_and_scoped_docs","false","low","retain","Reviewed in E7; responsibility and location are coherent; no blocking residue found."
"test/features/library/presentation/home_page_test.dart","test","library","presentation","Regression or contract coverage represented by home_page_test.dart.","false","discovered_by_flutter_test","self","README_and_scoped_docs","false","low","retain","Reviewed in E7; responsibility and location are coherent; no blocking residue found."
"test/features/library/presentation/library_catalog_widgets_test.dart","test","library","presentation","Regression or contract coverage represented by library_catalog_widgets_test.dart.","false","discovered_by_flutter_test","self","README_and_scoped_docs","false","low","retain","Reviewed in E7; responsibility and location are coherent; no blocking residue found."
"test/features/library/presentation/library_cover_thumbnail_test.dart","test","library","presentation","Regression or contract coverage represented by library_cover_thumbnail_test.dart.","false","discovered_by_flutter_test","self","README_and_scoped_docs","false","low","retain","Reviewed in E7; responsibility and location are coherent; no blocking residue found."
"test/features/library/presentation/library_row_actions_test.dart","test","library","presentation","Regression or contract coverage represented by library_row_actions_test.dart.","false","discovered_by_flutter_test","self","README_and_scoped_docs","false","low","retain","Reviewed in E7; responsibility and location are coherent; no blocking residue found."
"test/features/media/application/media_search_view_model_test.dart","test","media","application","Regression or contract coverage represented by media_search_view_model_test.dart.","false","discovered_by_flutter_test","self","README_and_scoped_docs","false","reviewed","retain","Reviewed in E7; responsibility and location are coherent; no blocking residue found."
"test/features/media/data/igdb_media_provider_test.dart","test","media","data","Regression or contract coverage represented by igdb_media_provider_test.dart.","false","discovered_by_flutter_test","self","README_and_scoped_docs","false","reviewed","retain","Reviewed in E7; responsibility and location are coherent; no blocking residue found."
"test/features/media/data/media_file_storage_test.dart","test","media","data","Regression or contract coverage represented by media_file_storage_test.dart.","false","discovered_by_flutter_test","self","README_and_scoped_docs","false","reviewed","retain","Reviewed in E7; responsibility and location are coherent; no blocking residue found."
"test/features/media/data/media_repository_test.dart","test","media","data","Regression or contract coverage represented by media_repository_test.dart.","false","discovered_by_flutter_test","self","README_and_scoped_docs","false","reviewed","retain","Reviewed in E7; responsibility and location are coherent; no blocking residue found."
"test/features/media/data/steamgriddb_api_client_test.dart","test","media","data","Regression or contract coverage represented by steamgriddb_api_client_test.dart.","false","discovered_by_flutter_test","self","README_and_scoped_docs","false","reviewed","retain","Reviewed in E7; responsibility and location are coherent; no blocking residue found."
"test/features/media/data/steamgriddb_media_provider_test.dart","test","media","data","Regression or contract coverage represented by steamgriddb_media_provider_test.dart.","false","discovered_by_flutter_test","self","README_and_scoped_docs","false","reviewed","retain","Reviewed in E7; responsibility and location are coherent; no blocking residue found."
"test/features/media/fixtures/steamgriddb_auth_error.json","test","media","verification","Regression or contract coverage represented by steamgriddb_auth_error.json.","false","discovered_by_flutter_test","self","README_and_scoped_docs","false","reviewed","retain","Reviewed in E7; responsibility and location are coherent; no blocking residue found."
"test/features/media/fixtures/steamgriddb_empty_results.json","test","media","verification","Regression or contract coverage represented by steamgriddb_empty_results.json.","false","discovered_by_flutter_test","self","README_and_scoped_docs","false","reviewed","retain","Reviewed in E7; responsibility and location are coherent; no blocking residue found."
"test/features/media/fixtures/steamgriddb_grids_hades.json","test","media","verification","Regression or contract coverage represented by steamgriddb_grids_hades.json.","false","discovered_by_flutter_test","self","README_and_scoped_docs","false","reviewed","retain","Reviewed in E7; responsibility and location are coherent; no blocking residue found."
"test/features/media/fixtures/steamgriddb_search_hades.json","test","media","verification","Regression or contract coverage represented by steamgriddb_search_hades.json.","false","discovered_by_flutter_test","self","README_and_scoped_docs","false","reviewed","retain","Reviewed in E7; responsibility and location are coherent; no blocking residue found."
"test/features/media/presentation/media_search_dialog_test.dart","test","media","presentation","Regression or contract coverage represented by media_search_dialog_test.dart.","false","discovered_by_flutter_test","self","README_and_scoped_docs","false","reviewed","retain","Reviewed in E7; responsibility and location are coherent; no blocking residue found."
"test/features/metadata/application/metadata_diff_test.dart","test","metadata","application","Regression or contract coverage represented by metadata_diff_test.dart.","false","discovered_by_flutter_test","self","README_and_scoped_docs","false","low","retain","Reviewed in E7; responsibility and location are coherent; no blocking residue found."
"test/features/metadata/application/metadata_use_cases_test.dart","test","metadata","application","Regression or contract coverage represented by metadata_use_cases_test.dart.","false","discovered_by_flutter_test","self","README_and_scoped_docs","false","low","retain","Reviewed in E7; responsibility and location are coherent; no blocking residue found."
"test/features/metadata/data/igdb_api_client_test.dart","test","metadata","data","Regression or contract coverage represented by igdb_api_client_test.dart.","false","discovered_by_flutter_test","self","README_and_scoped_docs","false","low","retain","Reviewed in E7; responsibility and location are coherent; no blocking residue found."
"test/features/metadata/data/igdb_auth_client_test.dart","test","metadata","data","Regression or contract coverage represented by igdb_auth_client_test.dart.","false","discovered_by_flutter_test","self","README_and_scoped_docs","false","low","retain","Reviewed in E7; responsibility and location are coherent; no blocking residue found."
"test/features/metadata/data/igdb_metadata_provider_test.dart","test","metadata","data","Regression or contract coverage represented by igdb_metadata_provider_test.dart.","false","discovered_by_flutter_test","self","README_and_scoped_docs","false","low","retain","Reviewed in E7; responsibility and location are coherent; no blocking residue found."
"test/features/metadata/data/metadata_api_key_storage_test.dart","test","metadata","data","Regression or contract coverage represented by metadata_api_key_storage_test.dart.","false","discovered_by_flutter_test","self","README_and_scoped_docs","false","reviewed","retain","Reviewed in E7; responsibility and location are coherent; no blocking residue found."
"test/features/metadata/data/metadata_repository_test.dart","test","metadata","data","Regression or contract coverage represented by metadata_repository_test.dart.","false","discovered_by_flutter_test","self","README_and_scoped_docs","false","low","retain","Reviewed in E7; responsibility and location are coherent; no blocking residue found."
"test/features/metadata/data/rawg_api_client_test.dart","test","metadata","data","Regression or contract coverage represented by rawg_api_client_test.dart.","false","discovered_by_flutter_test","self","README_and_scoped_docs","false","low","retain","Reviewed in E7; responsibility and location are coherent; no blocking residue found."
"test/features/metadata/presentation/metadata_search_dialog_test.dart","test","metadata","presentation","Regression or contract coverage represented by metadata_search_dialog_test.dart.","false","discovered_by_flutter_test","self","README_and_scoped_docs","false","low","retain","Reviewed in E7; responsibility and location are coherent; no blocking residue found."
"test/features/playthroughs/application/completion_form_model_test.dart","test","playthroughs","application","Regression or contract coverage represented by completion_form_model_test.dart.","false","discovered_by_flutter_test","self","README_and_scoped_docs","false","low","retain","Reviewed in E7; responsibility and location are coherent; no blocking residue found."
"test/features/playthroughs/application/playthrough_form_model_test.dart","test","playthroughs","application","Regression or contract coverage represented by playthrough_form_model_test.dart.","false","discovered_by_flutter_test","self","README_and_scoped_docs","false","low","retain","Reviewed in E7; responsibility and location are coherent; no blocking residue found."
"test/features/settings/application/app_language_test.dart","test","settings","application","Regression or contract coverage represented by app_language_test.dart.","false","discovered_by_flutter_test","self","README_and_scoped_docs","false","low","retain","Reviewed in E7; responsibility and location are coherent; no blocking residue found."
"test/features/settings/application/external_credentials_view_model_test.dart","test","settings","application","Regression or contract coverage represented by external_credentials_view_model_test.dart.","false","discovered_by_flutter_test","self","README_and_scoped_docs","false","reviewed","retain","Reviewed in E7; responsibility and location are coherent; no blocking residue found."
"test/features/settings/presentation/settings_page_test.dart","test","settings","presentation","Regression or contract coverage represented by settings_page_test.dart.","false","discovered_by_flutter_test","self","README_and_scoped_docs","false","low","retain","Reviewed in E7; responsibility and location are coherent; no blocking residue found."
"test/features/statistics/application/library_statistics_calculator_test.dart","test","statistics","application","Regression or contract coverage represented by library_statistics_calculator_test.dart.","false","discovered_by_flutter_test","self","README_and_scoped_docs","false","low","retain","Reviewed in E7; responsibility and location are coherent; no blocking residue found."
"test/features/statistics/data/statistics_repository_test.dart","test","statistics","data","Regression or contract coverage represented by statistics_repository_test.dart.","false","discovered_by_flutter_test","self","README_and_scoped_docs","false","low","retain","Reviewed in E7; responsibility and location are coherent; no blocking residue found."
"test/features/statistics/presentation/statistics_page_test.dart","test","statistics","presentation","Regression or contract coverage represented by statistics_page_test.dart.","false","discovered_by_flutter_test","self","README_and_scoped_docs","false","low","retain","Reviewed in E7; responsibility and location are coherent; no blocking residue found."
"test/fixtures/igdb_details_with_cover.json","test","cross_cutting","verification","Regression or contract coverage represented by igdb_details_with_cover.json.","false","discovered_by_flutter_test","self","README_and_scoped_docs","false","low","retain","Reviewed in E7; responsibility and location are coherent; no blocking residue found."
"test/fixtures/igdb_details_without_cover.json","test","cross_cutting","verification","Regression or contract coverage represented by igdb_details_without_cover.json.","false","discovered_by_flutter_test","self","README_and_scoped_docs","false","low","retain","Reviewed in E7; responsibility and location are coherent; no blocking residue found."
"test/fixtures/igdb_details.json","test","cross_cutting","verification","Regression or contract coverage represented by igdb_details.json.","false","discovered_by_flutter_test","self","README_and_scoped_docs","false","low","retain","Reviewed in E7; responsibility and location are coherent; no blocking residue found."
"test/fixtures/igdb_search.json","test","cross_cutting","verification","Regression or contract coverage represented by igdb_search.json.","false","discovered_by_flutter_test","self","README_and_scoped_docs","false","low","retain","Reviewed in E7; responsibility and location are coherent; no blocking residue found."
"test/fixtures/igdb_token.json","test","cross_cutting","verification","Regression or contract coverage represented by igdb_token.json.","false","discovered_by_flutter_test","self","README_and_scoped_docs","false","low","retain","Reviewed in E7; responsibility and location are coherent; no blocking residue found."
"test/fixtures/notion_ambiguous_dates.csv","test","cross_cutting","verification","Regression or contract coverage represented by notion_ambiguous_dates.csv.","false","discovered_by_flutter_test","self","README_and_scoped_docs","false","low","retain","Reviewed in E7; responsibility and location are coherent; no blocking residue found."
"test/fixtures/notion_basic.csv","test","cross_cutting","verification","Regression or contract coverage represented by notion_basic.csv.","false","discovered_by_flutter_test","self","README_and_scoped_docs","false","low","retain","Reviewed in E7; responsibility and location are coherent; no blocking residue found."
"test/fixtures/notion_duplicates.csv","test","cross_cutting","verification","Regression or contract coverage represented by notion_duplicates.csv.","false","discovered_by_flutter_test","self","README_and_scoped_docs","false","low","retain","Reviewed in E7; responsibility and location are coherent; no blocking residue found."
"test/fixtures/notion_missing_title.csv","test","cross_cutting","verification","Regression or contract coverage represented by notion_missing_title.csv.","false","discovered_by_flutter_test","self","README_and_scoped_docs","false","low","retain","Reviewed in E7; responsibility and location are coherent; no blocking residue found."
"test/fixtures/notion_multi_values.csv","test","cross_cutting","verification","Regression or contract coverage represented by notion_multi_values.csv.","false","discovered_by_flutter_test","self","README_and_scoped_docs","false","low","retain","Reviewed in E7; responsibility and location are coherent; no blocking residue found."
"test/fixtures/notion_quotes.csv","test","cross_cutting","verification","Regression or contract coverage represented by notion_quotes.csv.","false","discovered_by_flutter_test","self","README_and_scoped_docs","false","low","retain","Reviewed in E7; responsibility and location are coherent; no blocking residue found."
"test/fixtures/notion_realistic_export.csv","test","cross_cutting","verification","Regression or contract coverage represented by notion_realistic_export.csv.","false","discovered_by_flutter_test","self","README_and_scoped_docs","false","reviewed","retain","Reviewed in E7; responsibility and location are coherent; no blocking residue found."
"test/fixtures/notion_semicolon.csv","test","cross_cutting","verification","Regression or contract coverage represented by notion_semicolon.csv.","false","discovered_by_flutter_test","self","README_and_scoped_docs","false","low","retain","Reviewed in E7; responsibility and location are coherent; no blocking residue found."
"test/fixtures/notion_two_valid_rows.csv","test","cross_cutting","verification","Regression or contract coverage represented by notion_two_valid_rows.csv.","false","discovered_by_flutter_test","self","README_and_scoped_docs","false","low","retain","Reviewed in E7; responsibility and location are coherent; no blocking residue found."
"test/fixtures/rawg_details.json","test","cross_cutting","verification","Regression or contract coverage represented by rawg_details.json.","false","discovered_by_flutter_test","self","README_and_scoped_docs","false","low","retain","Reviewed in E7; responsibility and location are coherent; no blocking residue found."
"test/fixtures/rawg_search.json","test","cross_cutting","verification","Regression or contract coverage represented by rawg_search.json.","false","discovered_by_flutter_test","self","README_and_scoped_docs","false","low","retain","Reviewed in E7; responsibility and location are coherent; no blocking residue found."
"test/fixtures/schema_v5_fixture.dart","test","cross_cutting","verification","Regression or contract coverage represented by schema_v5_fixture.dart.","false","discovered_by_flutter_test","self","README_and_scoped_docs","false","low","retain","Reviewed in E7; responsibility and location are coherent; no blocking residue found."
"test/l10n/app_localizations_test.dart","test","cross_cutting","verification","Regression or contract coverage represented by app_localizations_test.dart.","false","discovered_by_flutter_test","self","README_and_scoped_docs","false","low","retain","Reviewed in E7; responsibility and location are coherent; no blocking residue found."
"test/tool/release_scripts_test.dart","test","cross_cutting","verification","Regression or contract coverage represented by release_scripts_test.dart.","false","discovered_by_flutter_test","self","README_and_scoped_docs","false","low","retain","Reviewed in E7; responsibility and location are coherent; no blocking residue found."
"third_party/flutter_secure_storage_windows/lib/flutter_secure_storage_windows.dart","repository_configuration","cross_cutting","configuration","Repository metadata, dependency, localization, or build configuration.","false","build_or_runtime_graph","gate_or_not_applicable","README_and_scoped_docs","false","reviewed","retain","Reviewed in E7; responsibility and location are coherent; no blocking residue found."
"third_party/flutter_secure_storage_windows/lib/src/flutter_secure_storage_windows_ffi.dart","repository_configuration","cross_cutting","configuration","Repository metadata, dependency, localization, or build configuration.","false","build_or_runtime_graph","gate_or_not_applicable","README_and_scoped_docs","false","reviewed","retain","Reviewed in E7; responsibility and location are coherent; no blocking residue found."
"third_party/flutter_secure_storage_windows/lib/src/flutter_secure_storage_windows_stub.dart","repository_configuration","cross_cutting","configuration","Repository metadata, dependency, localization, or build configuration.","false","build_or_runtime_graph","gate_or_not_applicable","README_and_scoped_docs","false","reviewed","retain","Reviewed in E7; responsibility and location are coherent; no blocking residue found."
"third_party/flutter_secure_storage_windows/LICENSE","repository_configuration","cross_cutting","configuration","Repository metadata, dependency, localization, or build configuration.","false","build_or_runtime_graph","gate_or_not_applicable","README_and_scoped_docs","false","reviewed","retain","Reviewed in E7; responsibility and location are coherent; no blocking residue found."
"third_party/flutter_secure_storage_windows/pubspec.yaml","repository_configuration","cross_cutting","configuration","Repository metadata, dependency, localization, or build configuration.","false","build_or_runtime_graph","gate_or_not_applicable","README_and_scoped_docs","false","reviewed","retain","Reviewed in E7; responsibility and location are coherent; no blocking residue found."
"third_party/flutter_secure_storage_windows/windows/CMakeLists.txt","repository_configuration","cross_cutting","configuration","Repository metadata, dependency, localization, or build configuration.","false","build_or_runtime_graph","gate_or_not_applicable","README_and_scoped_docs","false","reviewed","retain","Reviewed in E7; responsibility and location are coherent; no blocking residue found."
"third_party/flutter_secure_storage_windows/windows/flutter_secure_storage_windows_plugin.cpp","repository_configuration","cross_cutting","configuration","Repository metadata, dependency, localization, or build configuration.","false","build_or_runtime_graph","gate_or_not_applicable","README_and_scoped_docs","false","reviewed","retain","Reviewed in E7; responsibility and location are coherent; no blocking residue found."
"third_party/flutter_secure_storage_windows/windows/include/flutter_secure_storage_windows/flutter_secure_storage_windows_plugin.h","repository_configuration","cross_cutting","configuration","Repository metadata, dependency, localization, or build configuration.","false","build_or_runtime_graph","gate_or_not_applicable","README_and_scoped_docs","false","reviewed","retain","Reviewed in E7; responsibility and location are coherent; no blocking residue found."
"tool/build_release.ps1","release_tooling","release","tooling","Repository-relative validation, build, packaging, measurement, or hygiene helper.","false","build_or_runtime_graph","gate_or_not_applicable","README_and_scoped_docs","true","low","retain","Reviewed in E7; responsibility and location are coherent; no blocking residue found."
"tool/check_repository_hygiene.ps1","release_tooling","release","tooling","Repository-relative validation, build, packaging, measurement, or hygiene helper.","false","build_or_runtime_graph","gate_or_not_applicable","README_and_scoped_docs","true","low","retain","Reviewed in E7; responsibility and location are coherent; no blocking residue found."
"tool/clean_workspace.ps1","release_tooling","release","tooling","Repository-relative validation, build, packaging, measurement, or hygiene helper.","false","build_or_runtime_graph","gate_or_not_applicable","README_and_scoped_docs","true","low","retain","Reviewed in E7; responsibility and location are coherent; no blocking residue found."
"tool/generate_final_repository_review.ps1","release_tooling","release","tooling","Repository-relative validation, build, packaging, measurement, or hygiene helper.","false","build_or_runtime_graph","gate_or_not_applicable","README_and_scoped_docs","true","low","retain","Reviewed in E7; responsibility and location are coherent; no blocking residue found."
"tool/measure_artifacts.ps1","release_tooling","release","tooling","Repository-relative validation, build, packaging, measurement, or hygiene helper.","false","build_or_runtime_graph","gate_or_not_applicable","README_and_scoped_docs","true","low","retain","Reviewed in E7; responsibility and location are coherent; no blocking residue found."
"tool/package_android.ps1","release_tooling","release","tooling","Repository-relative validation, build, packaging, measurement, or hygiene helper.","false","build_or_runtime_graph","gate_or_not_applicable","README_and_scoped_docs","true","low","retain","Reviewed in E7; responsibility and location are coherent; no blocking residue found."
"tool/package_windows.ps1","release_tooling","release","tooling","Repository-relative validation, build, packaging, measurement, or hygiene helper.","false","build_or_runtime_graph","gate_or_not_applicable","README_and_scoped_docs","true","low","retain","Reviewed in E7; responsibility and location are coherent; no blocking residue found."
"tool/release_common.ps1","release_tooling","release","tooling","Repository-relative validation, build, packaging, measurement, or hygiene helper.","false","build_or_runtime_graph","gate_or_not_applicable","README_and_scoped_docs","true","low","retain","Reviewed in E7; responsibility and location are coherent; no blocking residue found."
"tool/verify_release_candidate.ps1","release_tooling","release","tooling","Repository-relative validation, build, packaging, measurement, or hygiene helper.","false","build_or_runtime_graph","gate_or_not_applicable","README_and_scoped_docs","true","low","retain","Reviewed in E7; responsibility and location are coherent; no blocking residue found."
"windows/.gitignore","windows_platform","cross_cutting","platform","Windows runner, CMake, resource, or generated integration input.","false","build_or_runtime_graph","gate_or_not_applicable","README_and_scoped_docs","true","low","retain","Reviewed in E7; responsibility and location are coherent; no blocking residue found."
"windows/CMakeLists.txt","windows_platform","cross_cutting","platform","Windows runner, CMake, resource, or generated integration input.","false","build_or_runtime_graph","gate_or_not_applicable","README_and_scoped_docs","true","low","retain","Reviewed in E7; responsibility and location are coherent; no blocking residue found."
"windows/flutter/CMakeLists.txt","windows_platform","cross_cutting","platform","Windows runner, CMake, resource, or generated integration input.","false","build_or_runtime_graph","gate_or_not_applicable","README_and_scoped_docs","true","low","retain","Reviewed in E7; responsibility and location are coherent; no blocking residue found."
"windows/flutter/generated_plugin_registrant.cc","windows_platform","cross_cutting","platform","Windows runner, CMake, resource, or generated integration input.","true","build_or_runtime_graph","gate_or_not_applicable","README_and_scoped_docs","true","low","retain","Generated file; regenerate from tracked inputs, do not hand-edit."
"windows/flutter/generated_plugin_registrant.h","windows_platform","cross_cutting","platform","Windows runner, CMake, resource, or generated integration input.","true","build_or_runtime_graph","gate_or_not_applicable","README_and_scoped_docs","true","low","retain","Generated file; regenerate from tracked inputs, do not hand-edit."
"windows/flutter/generated_plugins.cmake","windows_platform","cross_cutting","platform","Windows runner, CMake, resource, or generated integration input.","true","build_or_runtime_graph","gate_or_not_applicable","README_and_scoped_docs","true","low","retain","Generated file; regenerate from tracked inputs, do not hand-edit."
"windows/runner/CMakeLists.txt","windows_platform","cross_cutting","platform","Windows runner, CMake, resource, or generated integration input.","false","build_or_runtime_graph","gate_or_not_applicable","README_and_scoped_docs","true","low","retain","Reviewed in E7; responsibility and location are coherent; no blocking residue found."
"windows/runner/flutter_window.cpp","windows_platform","cross_cutting","platform","Windows runner, CMake, resource, or generated integration input.","false","build_or_runtime_graph","gate_or_not_applicable","README_and_scoped_docs","true","low","retain","Reviewed in E7; responsibility and location are coherent; no blocking residue found."
"windows/runner/flutter_window.h","windows_platform","cross_cutting","platform","Windows runner, CMake, resource, or generated integration input.","false","build_or_runtime_graph","gate_or_not_applicable","README_and_scoped_docs","true","low","retain","Reviewed in E7; responsibility and location are coherent; no blocking residue found."
"windows/runner/main.cpp","windows_platform","cross_cutting","platform","Windows runner, CMake, resource, or generated integration input.","false","build_or_runtime_graph","gate_or_not_applicable","README_and_scoped_docs","true","low","retain","Reviewed in E7; responsibility and location are coherent; no blocking residue found."
"windows/runner/resource.h","windows_platform","cross_cutting","platform","Windows runner, CMake, resource, or generated integration input.","false","build_or_runtime_graph","gate_or_not_applicable","README_and_scoped_docs","true","low","retain","Reviewed in E7; responsibility and location are coherent; no blocking residue found."
"windows/runner/resources/app_icon.ico","windows_platform","cross_cutting","platform","Windows runner, CMake, resource, or generated integration input.","false","build_or_runtime_graph","gate_or_not_applicable","README_and_scoped_docs","true","low","retain","Reviewed in E7; responsibility and location are coherent; no blocking residue found."
"windows/runner/runner.exe.manifest","windows_platform","cross_cutting","platform","Windows runner, CMake, resource, or generated integration input.","false","build_or_runtime_graph","gate_or_not_applicable","README_and_scoped_docs","true","reviewed","retain","Reviewed in E7; responsibility and location are coherent; no blocking residue found."
"windows/runner/Runner.rc","windows_platform","cross_cutting","platform","Windows runner, CMake, resource, or generated integration input.","false","build_or_runtime_graph","gate_or_not_applicable","README_and_scoped_docs","true","low","retain","Reviewed in E7; responsibility and location are coherent; no blocking residue found."
"windows/runner/utils.cpp","windows_platform","cross_cutting","platform","Windows runner, CMake, resource, or generated integration input.","false","build_or_runtime_graph","gate_or_not_applicable","README_and_scoped_docs","true","low","retain","Reviewed in E7; responsibility and location are coherent; no blocking residue found."
"windows/runner/utils.h","windows_platform","cross_cutting","platform","Windows runner, CMake, resource, or generated integration input.","false","build_or_runtime_graph","gate_or_not_applicable","README_and_scoped_docs","true","low","retain","Reviewed in E7; responsibility and location are coherent; no blocking residue found."
"windows/runner/win32_window.cpp","windows_platform","cross_cutting","platform","Windows runner, CMake, resource, or generated integration input.","false","build_or_runtime_graph","gate_or_not_applicable","README_and_scoped_docs","true","low","retain","Reviewed in E7; responsibility and location are coherent; no blocking residue found."
"windows/runner/win32_window.h","windows_platform","cross_cutting","platform","Windows runner, CMake, resource, or generated integration input.","false","build_or_runtime_graph","gate_or_not_applicable","README_and_scoped_docs","true","low","retain","Reviewed in E7; responsibility and location are coherent; no blocking residue found."
